,imdb_id,frame_num,place,confidence
0,54788,0,nursery,
1,54788,0,kindergarden_classroom,
2,54788,0,playroom,
3,54788,0,childs_room,
4,54788,0,art_gallery,
5,54788,24,hospital,
6,54788,24,tower,
7,54788,24,skyscraper,
8,54788,24,industrial_area,
9,54788,24,office_building,
10,54788,48,hospital,
11,54788,48,pharmacy,
12,54788,48,beauty_salon,
13,54788,48,hospital_room,
14,54788,48,ice_cream_parlor,
15,54788,72,pharmacy,
16,54788,72,drugstore,
17,54788,72,hospital,
18,54788,72,beauty_salon,
19,54788,72,ice_cream_parlor,
20,54788,96,pharmacy,
21,54788,96,drugstore,
22,54788,96,beauty_salon,
23,54788,96,hospital,
24,54788,96,ice_cream_parlor,
25,54788,120,pharmacy,
26,54788,120,drugstore,
27,54788,120,beauty_salon,
28,54788,120,hospital,
29,54788,120,ice_cream_parlor,
30,54788,144,pharmacy,
31,54788,144,drugstore,
32,54788,144,beauty_salon,
33,54788,144,hospital,
34,54788,144,ice_cream_parlor,
35,54788,168,pharmacy,
36,54788,168,drugstore,
37,54788,168,ice_cream_parlor,
38,54788,168,beauty_salon,
39,54788,168,hospital,
40,54788,192,motel,
41,54788,192,beauty_salon,
42,54788,192,ice_cream_parlor,
43,54788,192,coffee_shop,
44,54788,192,drugstore,
45,54788,216,motel,
46,54788,216,coffee_shop,
47,54788,216,diner/outdoor,
48,54788,216,fastfood_restaurant,
49,54788,216,ice_cream_parlor,
50,54788,240,motel,
51,54788,240,fastfood_restaurant,
52,54788,240,coffee_shop,
53,54788,240,diner/outdoor,
54,54788,240,ice_cream_parlor,
55,54788,264,motel,
56,54788,264,fastfood_restaurant,
57,54788,264,diner/outdoor,
58,54788,264,coffee_shop,
59,54788,264,ice_cream_parlor,
60,54788,288,motel,
61,54788,288,diner/outdoor,
62,54788,288,coffee_shop,
63,54788,288,fastfood_restaurant,
64,54788,288,ice_cream_parlor,
65,54788,312,motel,
66,54788,312,coffee_shop,
67,54788,312,ice_cream_parlor,
68,54788,312,diner/outdoor,
69,54788,312,fastfood_restaurant,
70,54788,336,beauty_salon,
71,54788,336,drugstore,
72,54788,336,bookstore,
73,54788,336,candy_store,
74,54788,336,museum/indoor,
75,54788,360,museum/indoor,
76,54788,360,elevator/door,
77,54788,360,elevator_lobby,
78,54788,360,lobby,
79,54788,360,candy_store,
80,54788,384,museum/indoor,
81,54788,384,elevator/door,
82,54788,384,elevator_lobby,
83,54788,384,candy_store,
84,54788,384,ice_cream_parlor,
85,54788,408,elevator/door,
86,54788,408,museum/indoor,
87,54788,408,elevator_lobby,
88,54788,408,coffee_shop,
89,54788,408,ice_cream_parlor,
90,54788,432,elevator/door,
91,54788,432,museum/indoor,
92,54788,432,candy_store,
93,54788,432,elevator_lobby,
94,54788,432,ice_cream_parlor,
95,54788,456,elevator/door,
96,54788,456,museum/indoor,
97,54788,456,ice_cream_parlor,
98,54788,456,candy_store,
99,54788,456,elevator_lobby,
100,54788,480,pharmacy,
101,54788,480,ice_cream_parlor,
102,54788,480,beauty_salon,
103,54788,480,drugstore,
104,54788,480,booth/indoor,
105,54788,504,booth/indoor,
106,54788,504,ice_cream_parlor,
107,54788,504,beauty_salon,
108,54788,504,pharmacy,
109,54788,504,drugstore,
110,54788,528,booth/indoor,
111,54788,528,ice_cream_parlor,
112,54788,528,beauty_salon,
113,54788,528,pharmacy,
114,54788,528,drugstore,
115,54788,552,booth/indoor,
116,54788,552,ice_cream_parlor,
117,54788,552,beauty_salon,
118,54788,552,pharmacy,
119,54788,552,drugstore,
120,54788,576,booth/indoor,
121,54788,576,ice_cream_parlor,
122,54788,576,beauty_salon,
123,54788,576,pharmacy,
124,54788,576,drugstore,
125,54788,600,booth/indoor,
126,54788,600,ice_cream_parlor,
127,54788,600,beauty_salon,
128,54788,600,pharmacy,
129,54788,600,drugstore,
130,54788,624,booth/indoor,
131,54788,624,ice_cream_parlor,
132,54788,624,beauty_salon,
133,54788,624,pharmacy,
134,54788,624,drugstore,
135,54788,648,booth/indoor,
136,54788,648,ice_cream_parlor,
137,54788,648,beauty_salon,
138,54788,648,pharmacy,
139,54788,648,drugstore,
140,54788,672,booth/indoor,
141,54788,672,ice_cream_parlor,
142,54788,672,beauty_salon,
143,54788,672,pharmacy,
144,54788,672,drugstore,
145,54788,696,booth/indoor,
146,54788,696,ice_cream_parlor,
147,54788,696,beauty_salon,
148,54788,696,pharmacy,
149,54788,696,drugstore,
150,54788,720,booth/indoor,
151,54788,720,ice_cream_parlor,
152,54788,720,beauty_salon,
153,54788,720,pharmacy,
154,54788,720,drugstore,
155,54788,744,booth/indoor,
156,54788,744,ice_cream_parlor,
157,54788,744,beauty_salon,
158,54788,744,pharmacy,
159,54788,744,drugstore,
160,54788,768,booth/indoor,
161,54788,768,ice_cream_parlor,
162,54788,768,beauty_salon,
163,54788,768,pharmacy,
164,54788,768,drugstore,
165,54788,792,booth/indoor,
166,54788,792,museum/indoor,
167,54788,792,ice_cream_parlor,
168,54788,792,pharmacy,
169,54788,792,beauty_salon,
170,54788,816,booth/indoor,
171,54788,816,ice_cream_parlor,
172,54788,816,pharmacy,
173,54788,816,beauty_salon,
174,54788,816,museum/indoor,
175,54788,840,booth/indoor,
176,54788,840,ice_cream_parlor,
177,54788,840,pharmacy,
178,54788,840,beauty_salon,
179,54788,840,drugstore,
180,54788,864,booth/indoor,
181,54788,864,ice_cream_parlor,
182,54788,864,pharmacy,
183,54788,864,beauty_salon,
184,54788,864,drugstore,
185,54788,888,booth/indoor,
186,54788,888,ice_cream_parlor,
187,54788,888,pharmacy,
188,54788,888,beauty_salon,
189,54788,888,drugstore,
190,54788,912,booth/indoor,
191,54788,912,ice_cream_parlor,
192,54788,912,pharmacy,
193,54788,912,beauty_salon,
194,54788,912,museum/indoor,
195,54788,936,booth/indoor,
196,54788,936,ice_cream_parlor,
197,54788,936,pharmacy,
198,54788,936,beauty_salon,
199,54788,936,ticket_booth,
200,54788,960,booth/indoor,
201,54788,960,ice_cream_parlor,
202,54788,960,pharmacy,
203,54788,960,beauty_salon,
204,54788,960,drugstore,
205,54788,984,booth/indoor,
206,54788,984,ice_cream_parlor,
207,54788,984,pharmacy,
208,54788,984,beauty_salon,
209,54788,984,drugstore,
210,54788,1008,booth/indoor,
211,54788,1008,ice_cream_parlor,
212,54788,1008,pharmacy,
213,54788,1008,beauty_salon,
214,54788,1008,museum/indoor,
215,54788,1032,booth/indoor,
216,54788,1032,ice_cream_parlor,
217,54788,1032,pharmacy,
218,54788,1032,beauty_salon,
219,54788,1032,drugstore,
220,54788,1056,booth/indoor,
221,54788,1056,ice_cream_parlor,
222,54788,1056,pharmacy,
223,54788,1056,beauty_salon,
224,54788,1056,drugstore,
225,54788,1080,booth/indoor,
226,54788,1080,ice_cream_parlor,
227,54788,1080,pharmacy,
228,54788,1080,beauty_salon,
229,54788,1080,drugstore,
230,54788,1104,booth/indoor,
231,54788,1104,ice_cream_parlor,
232,54788,1104,pharmacy,
233,54788,1104,beauty_salon,
234,54788,1104,drugstore,
235,54788,1128,booth/indoor,
236,54788,1128,museum/indoor,
237,54788,1128,burial_chamber,
238,54788,1128,pharmacy,
239,54788,1128,ice_cream_parlor,
240,54788,1152,booth/indoor,
241,54788,1152,bookstore,
242,54788,1152,beauty_salon,
243,54788,1152,ice_cream_parlor,
244,54788,1152,kindergarden_classroom,
245,54788,1176,booth/indoor,
246,54788,1176,bookstore,
247,54788,1176,beauty_salon,
248,54788,1176,ice_cream_parlor,
249,54788,1176,department_store,
250,54788,1200,booth/indoor,
251,54788,1200,bookstore,
252,54788,1200,department_store,
253,54788,1200,beauty_salon,
254,54788,1200,ice_cream_parlor,
255,54788,1224,booth/indoor,
256,54788,1224,bookstore,
257,54788,1224,department_store,
258,54788,1224,beauty_salon,
259,54788,1224,ice_cream_parlor,
260,54788,1248,booth/indoor,
261,54788,1248,bookstore,
262,54788,1248,beauty_salon,
263,54788,1248,ice_cream_parlor,
264,54788,1248,department_store,
265,54788,1272,booth/indoor,
266,54788,1272,bookstore,
267,54788,1272,department_store,
268,54788,1272,beauty_salon,
269,54788,1272,ice_cream_parlor,
270,54788,1296,booth/indoor,
271,54788,1296,bookstore,
272,54788,1296,beauty_salon,
273,54788,1296,department_store,
274,54788,1296,ice_cream_parlor,
275,54788,1320,booth/indoor,
276,54788,1320,bookstore,
277,54788,1320,beauty_salon,
278,54788,1320,department_store,
279,54788,1320,ice_cream_parlor,
280,54788,1344,booth/indoor,
281,54788,1344,beauty_salon,
282,54788,1344,bookstore,
283,54788,1344,ice_cream_parlor,
284,54788,1344,kindergarden_classroom,
285,54788,1368,booth/indoor,
286,54788,1368,ice_cream_parlor,
287,54788,1368,bookstore,
288,54788,1368,kindergarden_classroom,
289,54788,1368,candy_store,
290,54788,1392,booth/indoor,
291,54788,1392,clothing_store,
292,54788,1392,ice_cream_parlor,
293,54788,1392,reception,
294,54788,1392,candy_store,
295,54788,1416,booth/indoor,
296,54788,1416,ice_cream_parlor,
297,54788,1416,clothing_store,
298,54788,1416,candy_store,
299,54788,1416,beauty_salon,
300,54788,1440,booth/indoor,
301,54788,1440,ice_cream_parlor,
302,54788,1440,clothing_store,
303,54788,1440,candy_store,
304,54788,1440,beauty_salon,
305,54788,1464,booth/indoor,
306,54788,1464,ice_cream_parlor,
307,54788,1464,clothing_store,
308,54788,1464,candy_store,
309,54788,1464,beauty_salon,
310,54788,1488,booth/indoor,
311,54788,1488,ice_cream_parlor,
312,54788,1488,kindergarden_classroom,
313,54788,1488,reception,
314,54788,1488,bookstore,
315,54788,1512,booth/indoor,
316,54788,1512,ice_cream_parlor,
317,54788,1512,bookstore,
318,54788,1512,beauty_salon,
319,54788,1512,ticket_booth,
320,54788,1536,booth/indoor,
321,54788,1536,beauty_salon,
322,54788,1536,department_store,
323,54788,1536,ice_cream_parlor,
324,54788,1536,candy_store,
325,54788,1560,booth/indoor,
326,54788,1560,beauty_salon,
327,54788,1560,ice_cream_parlor,
328,54788,1560,department_store,
329,54788,1560,candy_store,
330,54788,1584,booth/indoor,
331,54788,1584,beauty_salon,
332,54788,1584,ice_cream_parlor,
333,54788,1584,department_store,
334,54788,1584,candy_store,
335,54788,1608,booth/indoor,
336,54788,1608,beauty_salon,
337,54788,1608,department_store,
338,54788,1608,ice_cream_parlor,
339,54788,1608,candy_store,
340,54788,1632,booth/indoor,
341,54788,1632,beauty_salon,
342,54788,1632,department_store,
343,54788,1632,ice_cream_parlor,
344,54788,1632,bookstore,
345,54788,1656,booth/indoor,
346,54788,1656,ice_cream_parlor,
347,54788,1656,beauty_salon,
348,54788,1656,bookstore,
349,54788,1656,ticket_booth,
350,54788,1680,booth/indoor,
351,54788,1680,ice_cream_parlor,
352,54788,1680,museum/indoor,
353,54788,1680,burial_chamber,
354,54788,1680,elevator_lobby,
355,54788,1704,booth/indoor,
356,54788,1704,beauty_salon,
357,54788,1704,bakery/shop,
358,54788,1704,clothing_store,
359,54788,1704,hospital,
360,54788,1728,booth/indoor,
361,54788,1728,beauty_salon,
362,54788,1728,clothing_store,
363,54788,1728,hospital,
364,54788,1728,bakery/shop,
365,54788,1752,booth/indoor,
366,54788,1752,beauty_salon,
367,54788,1752,hospital,
368,54788,1752,clothing_store,
369,54788,1752,bakery/shop,
370,54788,1776,booth/indoor,
371,54788,1776,beauty_salon,
372,54788,1776,clothing_store,
373,54788,1776,hospital,
374,54788,1776,bakery/shop,
375,54788,1800,booth/indoor,
376,54788,1800,beauty_salon,
377,54788,1800,hospital,
378,54788,1800,conference_center,
379,54788,1800,clothing_store,
380,54788,1824,booth/indoor,
381,54788,1824,beauty_salon,
382,54788,1824,clothing_store,
383,54788,1824,hospital,
384,54788,1824,shopfront,
385,54788,1848,booth/indoor,
386,54788,1848,beauty_salon,
387,54788,1848,hospital,
388,54788,1848,clothing_store,
389,54788,1848,conference_center,
390,54788,1872,booth/indoor,
391,54788,1872,beauty_salon,
392,54788,1872,hospital,
393,54788,1872,clothing_store,
394,54788,1872,conference_center,
395,54788,1896,booth/indoor,
396,54788,1896,beauty_salon,
397,54788,1896,clothing_store,
398,54788,1896,hospital,
399,54788,1896,conference_center,
400,54788,1920,booth/indoor,
401,54788,1920,beauty_salon,
402,54788,1920,clothing_store,
403,54788,1920,hospital,
404,54788,1920,conference_center,
405,54788,1944,booth/indoor,
406,54788,1944,beauty_salon,
407,54788,1944,clothing_store,
408,54788,1944,hospital,
409,54788,1944,conference_center,
410,54788,1968,booth/indoor,
411,54788,1968,museum/indoor,
412,54788,1968,conference_center,
413,54788,1968,science_museum,
414,54788,1968,hospital,
415,54788,1992,booth/indoor,
416,54788,1992,hospital,
417,54788,1992,museum/indoor,
418,54788,1992,drugstore,
419,54788,1992,pharmacy,
420,54788,2016,booth/indoor,
421,54788,2016,hospital,
422,54788,2016,museum/indoor,
423,54788,2016,drugstore,
424,54788,2016,pharmacy,
425,54788,2040,booth/indoor,
426,54788,2040,hospital,
427,54788,2040,drugstore,
428,54788,2040,pharmacy,
429,54788,2040,museum/indoor,
430,54788,2064,booth/indoor,
431,54788,2064,hospital,
432,54788,2064,museum/indoor,
433,54788,2064,pharmacy,
434,54788,2064,drugstore,
435,54788,2088,booth/indoor,
436,54788,2088,hospital,
437,54788,2088,museum/indoor,
438,54788,2088,pharmacy,
439,54788,2088,drugstore,
440,54788,2112,booth/indoor,
441,54788,2112,hospital,
442,54788,2112,museum/indoor,
443,54788,2112,pharmacy,
444,54788,2112,drugstore,
445,54788,2136,booth/indoor,
446,54788,2136,hospital,
447,54788,2136,pharmacy,
448,54788,2136,museum/indoor,
449,54788,2136,drugstore,
450,54788,2160,booth/indoor,
451,54788,2160,museum/indoor,
452,54788,2160,pharmacy,
453,54788,2160,cemetery,
454,54788,2160,drugstore,
455,54788,2184,booth/indoor,
456,54788,2184,ice_cream_parlor,
457,54788,2184,pharmacy,
458,54788,2184,museum/indoor,
459,54788,2184,beauty_salon,
460,54788,2208,booth/indoor,
461,54788,2208,ice_cream_parlor,
462,54788,2208,hospital,
463,54788,2208,beauty_salon,
464,54788,2208,drugstore,
465,54788,2232,booth/indoor,
466,54788,2232,hospital,
467,54788,2232,ice_cream_parlor,
468,54788,2232,beauty_salon,
469,54788,2232,drugstore,
470,54788,2256,booth/indoor,
471,54788,2256,hospital,
472,54788,2256,ice_cream_parlor,
473,54788,2256,beauty_salon,
474,54788,2256,drugstore,
475,54788,2280,booth/indoor,
476,54788,2280,hospital,
477,54788,2280,ice_cream_parlor,
478,54788,2280,beauty_salon,
479,54788,2280,drugstore,
480,54788,2304,booth/indoor,
481,54788,2304,hospital,
482,54788,2304,ice_cream_parlor,
483,54788,2304,beauty_salon,
484,54788,2304,drugstore,
485,54788,2328,booth/indoor,
486,54788,2328,hospital,
487,54788,2328,ice_cream_parlor,
488,54788,2328,beauty_salon,
489,54788,2328,drugstore,
490,54788,2352,booth/indoor,
491,54788,2352,hospital,
492,54788,2352,ice_cream_parlor,
493,54788,2352,beauty_salon,
494,54788,2352,drugstore,
495,54788,2376,booth/indoor,
496,54788,2376,hospital,
497,54788,2376,ice_cream_parlor,
498,54788,2376,beauty_salon,
499,54788,2376,drugstore,
500,54788,2400,booth/indoor,
501,54788,2400,beauty_salon,
502,54788,2400,ice_cream_parlor,
503,54788,2400,pharmacy,
504,54788,2400,drugstore,
505,54788,2424,booth/indoor,
506,54788,2424,nursery,
507,54788,2424,beauty_salon,
508,54788,2424,childs_room,
509,54788,2424,hospital,
510,54788,2448,booth/indoor,
511,54788,2448,nursery,
512,54788,2448,childs_room,
513,54788,2448,beauty_salon,
514,54788,2448,bakery/shop,
515,54788,2472,booth/indoor,
516,54788,2472,nursery,
517,54788,2472,childs_room,
518,54788,2472,beauty_salon,
519,54788,2472,bedchamber,
520,54788,2496,booth/indoor,
521,54788,2496,nursery,
522,54788,2496,childs_room,
523,54788,2496,beauty_salon,
524,54788,2496,bedchamber,
525,54788,2520,booth/indoor,
526,54788,2520,nursery,
527,54788,2520,childs_room,
528,54788,2520,hospital_room,
529,54788,2520,bakery/shop,
530,54788,2544,nursery,
531,54788,2544,booth/indoor,
532,54788,2544,childs_room,
533,54788,2544,clothing_store,
534,54788,2544,gift_shop,
535,54788,2568,nursery,
536,54788,2568,booth/indoor,
537,54788,2568,childs_room,
538,54788,2568,clothing_store,
539,54788,2568,gift_shop,
540,54788,2592,nursery,
541,54788,2592,booth/indoor,
542,54788,2592,childs_room,
543,54788,2592,clothing_store,
544,54788,2592,gift_shop,
545,54788,2616,nursery,
546,54788,2616,booth/indoor,
547,54788,2616,childs_room,
548,54788,2616,clothing_store,
549,54788,2616,gift_shop,
550,54788,2640,nursery,
551,54788,2640,booth/indoor,
552,54788,2640,childs_room,
553,54788,2640,clothing_store,
554,54788,2640,gift_shop,
555,54788,2664,booth/indoor,
556,54788,2664,nursery,
557,54788,2664,clothing_store,
558,54788,2664,pharmacy,
559,54788,2664,gift_shop,
560,54788,2688,pharmacy,
561,54788,2688,hospital,
562,54788,2688,drugstore,
563,54788,2688,booth/indoor,
564,54788,2688,beauty_salon,
565,54788,2712,auditorium,
566,54788,2712,discotheque,
567,54788,2712,stage/indoor,
568,54788,2712,arena/performance,
569,54788,2712,pond,
570,54788,2736,desert/sand,
571,54788,2736,beach,
572,54788,2736,ocean,
573,54788,2736,coast,
574,54788,2736,desert_road,
575,54788,2760,desert/sand,
576,54788,2760,desert_road,
577,54788,2760,beach,
578,54788,2760,desert/vegetation,
579,54788,2760,valley,
580,54788,2784,desert/sand,
581,54788,2784,desert_road,
582,54788,2784,beach,
583,54788,2784,desert/vegetation,
584,54788,2784,valley,
585,54788,2808,desert/sand,
586,54788,2808,desert_road,
587,54788,2808,beach,
588,54788,2808,desert/vegetation,
589,54788,2808,valley,
590,54788,2832,desert/sand,
591,54788,2832,desert_road,
592,54788,2832,beach,
593,54788,2832,desert/vegetation,
594,54788,2832,valley,
595,54788,2856,desert/sand,
596,54788,2856,desert_road,
597,54788,2856,desert/vegetation,
598,54788,2856,beach,
599,54788,2856,valley,
600,54788,2880,desert/sand,
601,54788,2880,desert/vegetation,
602,54788,2880,badlands,
603,54788,2880,sky,
604,54788,2880,beach,
605,54788,2904,desert/sand,
606,54788,2904,desert/vegetation,
607,54788,2904,badlands,
608,54788,2904,snowfield,
609,54788,2904,desert_road,
610,54788,2928,desert/sand,
611,54788,2928,snowfield,
612,54788,2928,badlands,
613,54788,2928,tundra,
614,54788,2928,ice_floe,
615,54788,2952,snowfield,
616,54788,2952,desert/sand,
617,54788,2952,ice_floe,
618,54788,2952,tundra,
619,54788,2952,ice_shelf,
620,54788,2976,desert/sand,
621,54788,2976,badlands,
622,54788,2976,ocean,
623,54788,2976,beach,
624,54788,2976,desert/vegetation,
625,54788,3000,desert/sand,
626,54788,3000,desert/vegetation,
627,54788,3000,desert_road,
628,54788,3000,valley,
629,54788,3000,field/cultivated,
630,54788,3024,desert/sand,
631,54788,3024,desert/vegetation,
632,54788,3024,valley,
633,54788,3024,desert_road,
634,54788,3024,mountain,
635,54788,3048,desert/sand,
636,54788,3048,desert/vegetation,
637,54788,3048,valley,
638,54788,3048,desert_road,
639,54788,3048,tundra,
640,54788,3072,desert/sand,
641,54788,3072,desert/vegetation,
642,54788,3072,valley,
643,54788,3072,desert_road,
644,54788,3072,mountain,
645,54788,3096,desert/sand,
646,54788,3096,desert/vegetation,
647,54788,3096,valley,
648,54788,3096,desert_road,
649,54788,3096,mountain,
650,54788,3120,desert/sand,
651,54788,3120,desert/vegetation,
652,54788,3120,valley,
653,54788,3120,desert_road,
654,54788,3120,mountain,
655,54788,3144,desert/sand,
656,54788,3144,desert/vegetation,
657,54788,3144,valley,
658,54788,3144,desert_road,
659,54788,3144,mountain,
660,54788,3168,desert/sand,
661,54788,3168,desert/vegetation,
662,54788,3168,valley,
663,54788,3168,mountain,
664,54788,3168,tundra,
665,54788,3192,desert/sand,
666,54788,3192,desert/vegetation,
667,54788,3192,desert_road,
668,54788,3192,tundra,
669,54788,3192,badlands,
670,54788,3216,desert/sand,
671,54788,3216,desert/vegetation,
672,54788,3216,desert_road,
673,54788,3216,valley,
674,54788,3216,badlands,
675,54788,3240,desert/sand,
676,54788,3240,desert/vegetation,
677,54788,3240,desert_road,
678,54788,3240,tundra,
679,54788,3240,badlands,
680,54788,3264,desert/sand,
681,54788,3264,desert/vegetation,
682,54788,3264,desert_road,
683,54788,3264,tundra,
684,54788,3264,badlands,
685,54788,3288,beach,
686,54788,3288,ocean,
687,54788,3288,tundra,
688,54788,3288,desert/sand,
689,54788,3288,coast,
690,54788,3312,desert/sand,
691,54788,3312,beach,
692,54788,3312,tundra,
693,54788,3312,desert_road,
694,54788,3312,desert/vegetation,
695,54788,3336,desert/sand,
696,54788,3336,tundra,
697,54788,3336,beach,
698,54788,3336,desert_road,
699,54788,3336,field/cultivated,
700,54788,3360,desert/sand,
701,54788,3360,beach,
702,54788,3360,tundra,
703,54788,3360,desert_road,
704,54788,3360,ocean,
705,54788,3384,desert/sand,
706,54788,3384,beach,
707,54788,3384,desert_road,
708,54788,3384,tundra,
709,54788,3384,desert/vegetation,
710,54788,3408,desert/sand,
711,54788,3408,beach,
712,54788,3408,ocean,
713,54788,3408,tundra,
714,54788,3408,desert/vegetation,
715,54788,3432,desert/sand,
716,54788,3432,snowfield,
717,54788,3432,desert/vegetation,
718,54788,3432,beach,
719,54788,3432,tundra,
720,54788,3456,desert/sand,
721,54788,3456,desert/vegetation,
722,54788,3456,snowfield,
723,54788,3456,tundra,
724,54788,3456,beach,
725,54788,3480,desert/sand,
726,54788,3480,desert/vegetation,
727,54788,3480,snowfield,
728,54788,3480,tundra,
729,54788,3480,valley,
730,54788,3504,desert/sand,
731,54788,3504,desert/vegetation,
732,54788,3504,snowfield,
733,54788,3504,beach,
734,54788,3504,tundra,
735,54788,3528,desert/sand,
736,54788,3528,desert/vegetation,
737,54788,3528,valley,
738,54788,3528,desert_road,
739,54788,3528,beach,
740,54788,3552,desert/sand,
741,54788,3552,desert/vegetation,
742,54788,3552,valley,
743,54788,3552,desert_road,
744,54788,3552,mountain,
745,54788,3576,desert/sand,
746,54788,3576,desert/vegetation,
747,54788,3576,valley,
748,54788,3576,desert_road,
749,54788,3576,mountain,
750,54788,3600,desert/sand,
751,54788,3600,desert/vegetation,
752,54788,3600,valley,
753,54788,3600,desert_road,
754,54788,3600,mountain,
755,54788,3624,desert/sand,
756,54788,3624,desert/vegetation,
757,54788,3624,valley,
758,54788,3624,desert_road,
759,54788,3624,mountain,
760,54788,3648,desert/sand,
761,54788,3648,desert/vegetation,
762,54788,3648,desert_road,
763,54788,3648,valley,
764,54788,3648,mountain,
765,54788,3672,desert/sand,
766,54788,3672,desert/vegetation,
767,54788,3672,beach,
768,54788,3672,desert_road,
769,54788,3672,valley,
770,54788,3696,kasbah,
771,54788,3696,mosque/outdoor,
772,54788,3696,mausoleum,
773,54788,3696,church/outdoor,
774,54788,3696,arch,
775,54788,3720,kasbah,
776,54788,3720,mosque/outdoor,
777,54788,3720,medina,
778,54788,3720,mausoleum,
779,54788,3720,synagogue/outdoor,
780,54788,3744,kasbah,
781,54788,3744,museum/outdoor,
782,54788,3744,mosque/outdoor,
783,54788,3744,church/outdoor,
784,54788,3744,medina,
785,54788,3768,kasbah,
786,54788,3768,museum/outdoor,
787,54788,3768,medina,
788,54788,3768,courtyard,
789,54788,3768,church/outdoor,
790,54788,3792,kasbah,
791,54788,3792,museum/outdoor,
792,54788,3792,courtyard,
793,54788,3792,mausoleum,
794,54788,3792,mosque/outdoor,
795,54788,3816,museum/outdoor,
796,54788,3816,kasbah,
797,54788,3816,courtyard,
798,54788,3816,ruin,
799,54788,3816,tower,
800,54788,3840,moat/water,
801,54788,3840,loading_dock,
802,54788,3840,courtyard,
803,54788,3840,kasbah,
804,54788,3840,art_gallery,
805,54788,3864,library/outdoor,
806,54788,3864,courtyard,
807,54788,3864,office_building,
808,54788,3864,museum/outdoor,
809,54788,3864,loading_dock,
810,54788,3888,loading_dock,
811,54788,3888,library/outdoor,
812,54788,3888,shower,
813,54788,3888,schoolhouse,
814,54788,3888,hot_spring,
815,54788,3912,library/outdoor,
816,54788,3912,museum/outdoor,
817,54788,3912,building_facade,
818,54788,3912,hospital,
819,54788,3912,fountain,
820,54788,3936,oast_house,
821,54788,3936,museum/outdoor,
822,54788,3936,kasbah,
823,54788,3936,campus,
824,54788,3936,building_facade,
825,54788,3960,kasbah,
826,54788,3960,museum/outdoor,
827,54788,3960,mosque/outdoor,
828,54788,3960,courtyard,
829,54788,3960,industrial_area,
830,54788,3984,mosque/outdoor,
831,54788,3984,lighthouse,
832,54788,3984,kasbah,
833,54788,3984,fountain,
834,54788,3984,tower,
835,54788,4008,mosque/outdoor,
836,54788,4008,mansion,
837,54788,4008,inn/outdoor,
838,54788,4008,beach_house,
839,54788,4008,kasbah,
840,54788,4032,mosque/outdoor,
841,54788,4032,kasbah,
842,54788,4032,lighthouse,
843,54788,4032,mansion,
844,54788,4032,church/outdoor,
845,54788,4056,mosque/outdoor,
846,54788,4056,kasbah,
847,54788,4056,lighthouse,
848,54788,4056,mansion,
849,54788,4056,church/outdoor,
850,54788,4080,mosque/outdoor,
851,54788,4080,kasbah,
852,54788,4080,lighthouse,
853,54788,4080,mansion,
854,54788,4080,museum/outdoor,
855,54788,4104,shower,
856,54788,4104,bow_window/indoor,
857,54788,4104,bathroom,
858,54788,4104,aquarium,
859,54788,4104,alcove,
860,54788,4128,bow_window/indoor,
861,54788,4128,shower,
862,54788,4128,alcove,
863,54788,4128,jacuzzi/indoor,
864,54788,4128,nursery,
865,54788,4152,shower,
866,54788,4152,jacuzzi/indoor,
867,54788,4152,bow_window/indoor,
868,54788,4152,swimming_pool/indoor,
869,54788,4152,bathroom,
870,54788,4176,shower,
871,54788,4176,bow_window/indoor,
872,54788,4176,nursery,
873,54788,4176,bathroom,
874,54788,4176,jacuzzi/indoor,
875,54788,4200,shower,
876,54788,4200,bow_window/indoor,
877,54788,4200,jacuzzi/indoor,
878,54788,4200,ice_floe,
879,54788,4200,bathroom,
880,54788,4224,bow_window/indoor,
881,54788,4224,desert/sand,
882,54788,4224,beach,
883,54788,4224,ocean,
884,54788,4224,desert/vegetation,
885,54788,4248,bow_window/indoor,
886,54788,4248,balcony/interior,
887,54788,4248,beach,
888,54788,4248,nursery,
889,54788,4248,sauna,
890,54788,4272,bow_window/indoor,
891,54788,4272,stable,
892,54788,4272,attic,
893,54788,4272,staircase,
894,54788,4272,artists_loft,
895,54788,4296,bow_window/indoor,
896,54788,4296,stable,
897,54788,4296,balcony/interior,
898,54788,4296,corral,
899,54788,4296,artists_loft,
900,54788,4320,stage/indoor,
901,54788,4320,arena/performance,
902,54788,4320,music_studio,
903,54788,4320,discotheque,
904,54788,4320,wheat_field,
905,54788,4344,music_studio,
906,54788,4344,discotheque,
907,54788,4344,stage/indoor,
908,54788,4344,arena/performance,
909,54788,4344,science_museum,
910,54788,4368,music_studio,
911,54788,4368,discotheque,
912,54788,4368,stage/indoor,
913,54788,4368,arena/performance,
914,54788,4368,wheat_field,
915,54788,4392,music_studio,
916,54788,4392,discotheque,
917,54788,4392,stage/indoor,
918,54788,4392,science_museum,
919,54788,4392,natural_history_museum,
920,54788,4416,stage/indoor,
921,54788,4416,arena/performance,
922,54788,4416,discotheque,
923,54788,4416,music_studio,
924,54788,4416,museum/indoor,
925,54788,4440,stage/indoor,
926,54788,4440,discotheque,
927,54788,4440,arena/performance,
928,54788,4440,music_studio,
929,54788,4440,museum/indoor,
930,54788,4464,natural_history_museum,
931,54788,4464,museum/indoor,
932,54788,4464,art_gallery,
933,54788,4464,science_museum,
934,54788,4464,stage/indoor,
935,54788,4488,museum/indoor,
936,54788,4488,natural_history_museum,
937,54788,4488,science_museum,
938,54788,4488,art_gallery,
939,54788,4488,stage/indoor,
940,54788,4512,natural_history_museum,
941,54788,4512,museum/indoor,
942,54788,4512,science_museum,
943,54788,4512,stage/indoor,
944,54788,4512,music_studio,
945,54788,4536,natural_history_museum,
946,54788,4536,museum/indoor,
947,54788,4536,science_museum,
948,54788,4536,art_gallery,
949,54788,4536,music_studio,
950,54788,4560,natural_history_museum,
951,54788,4560,museum/indoor,
952,54788,4560,stage/indoor,
953,54788,4560,art_gallery,
954,54788,4560,science_museum,
955,54788,4584,natural_history_museum,
956,54788,4584,museum/indoor,
957,54788,4584,art_gallery,
958,54788,4584,science_museum,
959,54788,4584,stage/indoor,
960,54788,4608,gymnasium/indoor,
961,54788,4608,locker_room,
962,54788,4608,ballroom,
963,54788,4608,music_studio,
964,54788,4608,martial_arts_gym,
965,54788,4632,ballroom,
966,54788,4632,locker_room,
967,54788,4632,gymnasium/indoor,
968,54788,4632,music_studio,
969,54788,4632,martial_arts_gym,
970,54788,4656,ballroom,
971,54788,4656,locker_room,
972,54788,4656,music_studio,
973,54788,4656,gymnasium/indoor,
974,54788,4656,stage/indoor,
975,54788,4680,ballroom,
976,54788,4680,music_studio,
977,54788,4680,locker_room,
978,54788,4680,gymnasium/indoor,
979,54788,4680,martial_arts_gym,
980,54788,4704,locker_room,
981,54788,4704,music_studio,
982,54788,4704,ballroom,
983,54788,4704,nursing_home,
984,54788,4704,gymnasium/indoor,
985,54788,4728,locker_room,
986,54788,4728,martial_arts_gym,
987,54788,4728,ballroom,
988,54788,4728,nursing_home,
989,54788,4728,office,
990,54788,4752,martial_arts_gym,
991,54788,4752,locker_room,
992,54788,4752,ballroom,
993,54788,4752,gymnasium/indoor,
994,54788,4752,shoe_shop,
995,54788,4776,locker_room,
996,54788,4776,martial_arts_gym,
997,54788,4776,gymnasium/indoor,
998,54788,4776,shoe_shop,
999,54788,4776,dressing_room,
1000,54788,4800,locker_room,
1001,54788,4800,martial_arts_gym,
1002,54788,4800,dressing_room,
1003,54788,4800,gymnasium/indoor,
1004,54788,4800,museum/indoor,
1005,54788,4824,locker_room,
1006,54788,4824,ballroom,
1007,54788,4824,martial_arts_gym,
1008,54788,4824,gymnasium/indoor,
1009,54788,4824,dressing_room,
1010,54788,4848,locker_room,
1011,54788,4848,martial_arts_gym,
1012,54788,4848,clean_room,
1013,54788,4848,dressing_room,
1014,54788,4848,gymnasium/indoor,
1015,54788,4872,locker_room,
1016,54788,4872,martial_arts_gym,
1017,54788,4872,gymnasium/indoor,
1018,54788,4872,dressing_room,
1019,54788,4872,chemistry_lab,
1020,54788,4896,locker_room,
1021,54788,4896,martial_arts_gym,
1022,54788,4896,gymnasium/indoor,
1023,54788,4896,dressing_room,
1024,54788,4896,clean_room,
1025,54788,4920,ballroom,
1026,54788,4920,locker_room,
1027,54788,4920,martial_arts_gym,
1028,54788,4920,museum/indoor,
1029,54788,4920,jewelry_shop,
1030,54788,4944,museum/indoor,
1031,54788,4944,science_museum,
1032,54788,4944,art_gallery,
1033,54788,4944,natural_history_museum,
1034,54788,4944,dressing_room,
1035,54788,4968,museum/indoor,
1036,54788,4968,clothing_store,
1037,54788,4968,locker_room,
1038,54788,4968,dressing_room,
1039,54788,4968,science_museum,
1040,54788,4992,dressing_room,
1041,54788,4992,locker_room,
1042,54788,4992,clothing_store,
1043,54788,4992,jewelry_shop,
1044,54788,4992,museum/indoor,
1045,54788,5016,jewelry_shop,
1046,54788,5016,dressing_room,
1047,54788,5016,museum/indoor,
1048,54788,5016,clothing_store,
1049,54788,5016,locker_room,
1050,54788,5040,dressing_room,
1051,54788,5040,jewelry_shop,
1052,54788,5040,clothing_store,
1053,54788,5040,museum/indoor,
1054,54788,5040,shoe_shop,
1055,54788,5064,clothing_store,
1056,54788,5064,jewelry_shop,
1057,54788,5064,clean_room,
1058,54788,5064,chemistry_lab,
1059,54788,5064,bakery/shop,
1060,54788,5088,dressing_room,
1061,54788,5088,jewelry_shop,
1062,54788,5088,arena/performance,
1063,54788,5088,chemistry_lab,
1064,54788,5088,stage/indoor,
1065,54788,5112,jewelry_shop,
1066,54788,5112,banquet_hall,
1067,54788,5112,stage/indoor,
1068,54788,5112,chemistry_lab,
1069,54788,5112,dining_hall,
1070,54788,5136,church/indoor,
1071,54788,5136,museum/indoor,
1072,54788,5136,swimming_pool/indoor,
1073,54788,5136,throne_room,
1074,54788,5136,entrance_hall,
1075,54788,5160,museum/indoor,
1076,54788,5160,atrium/public,
1077,54788,5160,church/indoor,
1078,54788,5160,mezzanine,
1079,54788,5160,natural_history_museum,
1080,54788,5184,atrium/public,
1081,54788,5184,museum/indoor,
1082,54788,5184,entrance_hall,
1083,54788,5184,throne_room,
1084,54788,5184,church/indoor,
1085,54788,5208,church/indoor,
1086,54788,5208,museum/indoor,
1087,54788,5208,throne_room,
1088,54788,5208,entrance_hall,
1089,54788,5208,mezzanine,
1090,54788,5232,church/indoor,
1091,54788,5232,throne_room,
1092,54788,5232,entrance_hall,
1093,54788,5232,museum/indoor,
1094,54788,5232,lobby,
1095,54788,5256,throne_room,
1096,54788,5256,church/indoor,
1097,54788,5256,elevator_lobby,
1098,54788,5256,lobby,
1099,54788,5256,museum/indoor,
1100,54788,5280,church/indoor,
1101,54788,5280,throne_room,
1102,54788,5280,lobby,
1103,54788,5280,museum/indoor,
1104,54788,5280,atrium/public,
1105,54788,5304,church/indoor,
1106,54788,5304,throne_room,
1107,54788,5304,museum/indoor,
1108,54788,5304,atrium/public,
1109,54788,5304,mausoleum,
1110,54788,5328,throne_room,
1111,54788,5328,church/indoor,
1112,54788,5328,entrance_hall,
1113,54788,5328,museum/indoor,
1114,54788,5328,temple/asia,
1115,54788,5352,throne_room,
1116,54788,5352,entrance_hall,
1117,54788,5352,lobby,
1118,54788,5352,atrium/public,
1119,54788,5352,church/indoor,
1120,54788,5376,throne_room,
1121,54788,5376,entrance_hall,
1122,54788,5376,lobby,
1123,54788,5376,museum/indoor,
1124,54788,5376,church/indoor,
1125,54788,5400,throne_room,
1126,54788,5400,entrance_hall,
1127,54788,5400,lobby,
1128,54788,5400,church/indoor,
1129,54788,5400,atrium/public,
1130,54788,5424,entrance_hall,
1131,54788,5424,throne_room,
1132,54788,5424,lobby,
1133,54788,5424,church/indoor,
1134,54788,5424,ballroom,
1135,54788,5448,entrance_hall,
1136,54788,5448,throne_room,
1137,54788,5448,lobby,
1138,54788,5448,ballroom,
1139,54788,5448,elevator_lobby,
1140,54788,5472,entrance_hall,
1141,54788,5472,lobby,
1142,54788,5472,throne_room,
1143,54788,5472,ballroom,
1144,54788,5472,elevator_lobby,
1145,54788,5496,entrance_hall,
1146,54788,5496,lobby,
1147,54788,5496,throne_room,
1148,54788,5496,ballroom,
1149,54788,5496,elevator_lobby,
1150,54788,5520,entrance_hall,
1151,54788,5520,lobby,
1152,54788,5520,throne_room,
1153,54788,5520,ballroom,
1154,54788,5520,elevator_lobby,
1155,54788,5544,museum/indoor,
1156,54788,5544,beauty_salon,
1157,54788,5544,clean_room,
1158,54788,5544,art_gallery,
1159,54788,5544,science_museum,
1160,54788,5568,museum/indoor,
1161,54788,5568,science_museum,
1162,54788,5568,art_gallery,
1163,54788,5568,clean_room,
1164,54788,5568,natural_history_museum,
1165,54788,5592,museum/indoor,
1166,54788,5592,science_museum,
1167,54788,5592,art_gallery,
1168,54788,5592,natural_history_museum,
1169,54788,5592,artists_loft,
1170,54788,5616,museum/indoor,
1171,54788,5616,dining_room,
1172,54788,5616,art_gallery,
1173,54788,5616,entrance_hall,
1174,54788,5616,science_museum,
1175,54788,5640,museum/indoor,
1176,54788,5640,clean_room,
1177,54788,5640,science_museum,
1178,54788,5640,entrance_hall,
1179,54788,5640,art_gallery,
1180,54788,5664,museum/indoor,
1181,54788,5664,art_gallery,
1182,54788,5664,science_museum,
1183,54788,5664,clean_room,
1184,54788,5664,entrance_hall,
1185,54788,5688,museum/indoor,
1186,54788,5688,clean_room,
1187,54788,5688,science_museum,
1188,54788,5688,natural_history_museum,
1189,54788,5688,art_gallery,
1190,54788,5712,chemistry_lab,
1191,54788,5712,clean_room,
1192,54788,5712,museum/indoor,
1193,54788,5712,science_museum,
1194,54788,5712,natural_history_museum,
1195,54788,5736,museum/indoor,
1196,54788,5736,banquet_hall,
1197,54788,5736,science_museum,
1198,54788,5736,dressing_room,
1199,54788,5736,chemistry_lab,
1200,54788,5760,museum/indoor,
1201,54788,5760,science_museum,
1202,54788,5760,natural_history_museum,
1203,54788,5760,jewelry_shop,
1204,54788,5760,chemistry_lab,
1205,54788,5784,jewelry_shop,
1206,54788,5784,chemistry_lab,
1207,54788,5784,museum/indoor,
1208,54788,5784,gift_shop,
1209,54788,5784,natural_history_museum,
1210,54788,5808,museum/indoor,
1211,54788,5808,art_gallery,
1212,54788,5808,art_studio,
1213,54788,5808,artists_loft,
1214,54788,5808,art_school,
1215,54788,5832,museum/indoor,
1216,54788,5832,art_gallery,
1217,54788,5832,art_studio,
1218,54788,5832,jewelry_shop,
1219,54788,5832,science_museum,
1220,54788,5856,museum/indoor,
1221,54788,5856,art_gallery,
1222,54788,5856,jewelry_shop,
1223,54788,5856,art_studio,
1224,54788,5856,science_museum,
1225,54788,5880,museum/indoor,
1226,54788,5880,art_gallery,
1227,54788,5880,art_studio,
1228,54788,5880,science_museum,
1229,54788,5880,jewelry_shop,
1230,54788,5904,museum/indoor,
1231,54788,5904,art_gallery,
1232,54788,5904,art_studio,
1233,54788,5904,jewelry_shop,
1234,54788,5904,science_museum,
1235,54788,5928,museum/indoor,
1236,54788,5928,art_gallery,
1237,54788,5928,science_museum,
1238,54788,5928,natural_history_museum,
1239,54788,5928,art_studio,
1240,54788,5952,museum/indoor,
1241,54788,5952,art_gallery,
1242,54788,5952,jewelry_shop,
1243,54788,5952,art_studio,
1244,54788,5952,science_museum,
1245,54788,5976,museum/indoor,
1246,54788,5976,art_gallery,
1247,54788,5976,jewelry_shop,
1248,54788,5976,art_studio,
1249,54788,5976,science_museum,
1250,54788,6000,museum/indoor,
1251,54788,6000,art_gallery,
1252,54788,6000,art_studio,
1253,54788,6000,jewelry_shop,
1254,54788,6000,science_museum,
1255,54788,6024,dressing_room,
1256,54788,6024,clothing_store,
1257,54788,6024,museum/indoor,
1258,54788,6024,nursery,
1259,54788,6024,locker_room,
1260,54788,6048,dressing_room,
1261,54788,6048,clothing_store,
1262,54788,6048,nursery,
1263,54788,6048,ballroom,
1264,54788,6048,museum/indoor,
1265,54788,6072,dressing_room,
1266,54788,6072,clothing_store,
1267,54788,6072,nursery,
1268,54788,6072,beauty_salon,
1269,54788,6072,museum/indoor,
1270,54788,6096,dressing_room,
1271,54788,6096,clothing_store,
1272,54788,6096,jewelry_shop,
1273,54788,6096,nursery,
1274,54788,6096,locker_room,
1275,54788,6120,dressing_room,
1276,54788,6120,clothing_store,
1277,54788,6120,jewelry_shop,
1278,54788,6120,nursery,
1279,54788,6120,ballroom,
1280,54788,6144,jewelry_shop,
1281,54788,6144,dressing_room,
1282,54788,6144,clothing_store,
1283,54788,6144,beauty_salon,
1284,54788,6144,gift_shop,
1285,54788,6168,dressing_room,
1286,54788,6168,jewelry_shop,
1287,54788,6168,clothing_store,
1288,54788,6168,beauty_salon,
1289,54788,6168,locker_room,
1290,54788,6192,dressing_room,
1291,54788,6192,jewelry_shop,
1292,54788,6192,clothing_store,
1293,54788,6192,beauty_salon,
1294,54788,6192,ballroom,
1295,54788,6216,dressing_room,
1296,54788,6216,clothing_store,
1297,54788,6216,jewelry_shop,
1298,54788,6216,museum/indoor,
1299,54788,6216,natural_history_museum,
1300,54788,6240,dressing_room,
1301,54788,6240,clothing_store,
1302,54788,6240,jewelry_shop,
1303,54788,6240,gift_shop,
1304,54788,6240,natural_history_museum,
1305,54788,6264,museum/indoor,
1306,54788,6264,jewelry_shop,
1307,54788,6264,clothing_store,
1308,54788,6264,bank_vault,
1309,54788,6264,elevator_lobby,
1310,54788,6288,museum/indoor,
1311,54788,6288,art_gallery,
1312,54788,6288,bank_vault,
1313,54788,6288,jewelry_shop,
1314,54788,6288,elevator_lobby,
1315,54788,6312,museum/indoor,
1316,54788,6312,jewelry_shop,
1317,54788,6312,art_gallery,
1318,54788,6312,bank_vault,
1319,54788,6312,clothing_store,
1320,54788,6336,dressing_room,
1321,54788,6336,clothing_store,
1322,54788,6336,museum/indoor,
1323,54788,6336,jewelry_shop,
1324,54788,6336,natural_history_museum,
1325,54788,6360,jewelry_shop,
1326,54788,6360,dressing_room,
1327,54788,6360,clothing_store,
1328,54788,6360,museum/indoor,
1329,54788,6360,clean_room,
1330,54788,6384,dressing_room,
1331,54788,6384,jewelry_shop,
1332,54788,6384,museum/indoor,
1333,54788,6384,clothing_store,
1334,54788,6384,natural_history_museum,
1335,54788,6408,jewelry_shop,
1336,54788,6408,dressing_room,
1337,54788,6408,museum/indoor,
1338,54788,6408,clothing_store,
1339,54788,6408,natural_history_museum,
1340,54788,6432,jewelry_shop,
1341,54788,6432,dressing_room,
1342,54788,6432,clothing_store,
1343,54788,6432,museum/indoor,
1344,54788,6432,natural_history_museum,
1345,54788,6456,dressing_room,
1346,54788,6456,jewelry_shop,
1347,54788,6456,museum/indoor,
1348,54788,6456,clothing_store,
1349,54788,6456,gift_shop,
1350,54788,6480,jewelry_shop,
1351,54788,6480,dressing_room,
1352,54788,6480,museum/indoor,
1353,54788,6480,clothing_store,
1354,54788,6480,natural_history_museum,
1355,54788,6504,jewelry_shop,
1356,54788,6504,museum/indoor,
1357,54788,6504,dressing_room,
1358,54788,6504,clothing_store,
1359,54788,6504,natural_history_museum,
1360,54788,6528,dressing_room,
1361,54788,6528,jewelry_shop,
1362,54788,6528,museum/indoor,
1363,54788,6528,clothing_store,
1364,54788,6528,natural_history_museum,
1365,54788,6552,dressing_room,
1366,54788,6552,clothing_store,
1367,54788,6552,clean_room,
1368,54788,6552,beauty_salon,
1369,54788,6552,jewelry_shop,
1370,54788,6576,dressing_room,
1371,54788,6576,clothing_store,
1372,54788,6576,beauty_salon,
1373,54788,6576,clean_room,
1374,54788,6576,jewelry_shop,
1375,54788,6600,dressing_room,
1376,54788,6600,clean_room,
1377,54788,6600,clothing_store,
1378,54788,6600,museum/indoor,
1379,54788,6600,locker_room,
1380,54788,6624,clean_room,
1381,54788,6624,dressing_room,
1382,54788,6624,clothing_store,
1383,54788,6624,jewelry_shop,
1384,54788,6624,science_museum,
1385,54788,6648,museum/indoor,
1386,54788,6648,dressing_room,
1387,54788,6648,clothing_store,
1388,54788,6648,clean_room,
1389,54788,6648,science_museum,
1390,54788,6672,clothing_store,
1391,54788,6672,clean_room,
1392,54788,6672,dressing_room,
1393,54788,6672,museum/indoor,
1394,54788,6672,science_museum,
1395,54788,6696,dressing_room,
1396,54788,6696,clothing_store,
1397,54788,6696,clean_room,
1398,54788,6696,museum/indoor,
1399,54788,6696,science_museum,
1400,54788,6720,dressing_room,
1401,54788,6720,clothing_store,
1402,54788,6720,clean_room,
1403,54788,6720,museum/indoor,
1404,54788,6720,art_gallery,
1405,54788,6744,dressing_room,
1406,54788,6744,clothing_store,
1407,54788,6744,museum/indoor,
1408,54788,6744,clean_room,
1409,54788,6744,jewelry_shop,
1410,54788,6768,dressing_room,
1411,54788,6768,museum/indoor,
1412,54788,6768,clothing_store,
1413,54788,6768,clean_room,
1414,54788,6768,art_gallery,
1415,54788,6792,dressing_room,
1416,54788,6792,clothing_store,
1417,54788,6792,museum/indoor,
1418,54788,6792,clean_room,
1419,54788,6792,art_gallery,
1420,54788,6816,dressing_room,
1421,54788,6816,clothing_store,
1422,54788,6816,museum/indoor,
1423,54788,6816,clean_room,
1424,54788,6816,art_gallery,
1425,54788,6840,dressing_room,
1426,54788,6840,clean_room,
1427,54788,6840,clothing_store,
1428,54788,6840,museum/indoor,
1429,54788,6840,science_museum,
1430,54788,6864,dressing_room,
1431,54788,6864,clothing_store,
1432,54788,6864,clean_room,
1433,54788,6864,museum/indoor,
1434,54788,6864,science_museum,
1435,54788,6888,dressing_room,
1436,54788,6888,clothing_store,
1437,54788,6888,clean_room,
1438,54788,6888,museum/indoor,
1439,54788,6888,jewelry_shop,
1440,54788,6912,dressing_room,
1441,54788,6912,clothing_store,
1442,54788,6912,clean_room,
1443,54788,6912,jewelry_shop,
1444,54788,6912,museum/indoor,
1445,54788,6936,dressing_room,
1446,54788,6936,clothing_store,
1447,54788,6936,museum/indoor,
1448,54788,6936,science_museum,
1449,54788,6936,locker_room,
1450,54788,6960,dressing_room,
1451,54788,6960,museum/indoor,
1452,54788,6960,clothing_store,
1453,54788,6960,art_gallery,
1454,54788,6960,clean_room,
1455,54788,6984,museum/indoor,
1456,54788,6984,dressing_room,
1457,54788,6984,art_gallery,
1458,54788,6984,science_museum,
1459,54788,6984,clothing_store,
1460,54788,7008,dressing_room,
1461,54788,7008,clothing_store,
1462,54788,7008,banquet_hall,
1463,54788,7008,jewelry_shop,
1464,54788,7008,beauty_salon,
1465,54788,7032,dressing_room,
1466,54788,7032,clothing_store,
1467,54788,7032,jewelry_shop,
1468,54788,7032,museum/indoor,
1469,54788,7032,stage/indoor,
1470,54788,7056,dressing_room,
1471,54788,7056,clothing_store,
1472,54788,7056,locker_room,
1473,54788,7056,jewelry_shop,
1474,54788,7056,clean_room,
1475,54788,7080,dressing_room,
1476,54788,7080,clothing_store,
1477,54788,7080,stage/indoor,
1478,54788,7080,ballroom,
1479,54788,7080,shower,
1480,54788,7104,dressing_room,
1481,54788,7104,shower,
1482,54788,7104,fountain,
1483,54788,7104,clothing_store,
1484,54788,7104,bathroom,
1485,54788,7128,dressing_room,
1486,54788,7128,clothing_store,
1487,54788,7128,museum/indoor,
1488,54788,7128,discotheque,
1489,54788,7128,art_gallery,
1490,54788,7152,dressing_room,
1491,54788,7152,clothing_store,
1492,54788,7152,beauty_salon,
1493,54788,7152,ballroom,
1494,54788,7152,clean_room,
1495,54788,7176,dressing_room,
1496,54788,7176,clothing_store,
1497,54788,7176,clean_room,
1498,54788,7176,beauty_salon,
1499,54788,7176,ballroom,
1500,54788,7200,dressing_room,
1501,54788,7200,clothing_store,
1502,54788,7200,banquet_hall,
1503,54788,7200,clean_room,
1504,54788,7200,art_gallery,
1505,54788,7224,dressing_room,
1506,54788,7224,clothing_store,
1507,54788,7224,clean_room,
1508,54788,7224,locker_room,
1509,54788,7224,bathroom,
1510,54788,7248,dressing_room,
1511,54788,7248,shower,
1512,54788,7248,clean_room,
1513,54788,7248,clothing_store,
1514,54788,7248,bathroom,
1515,54788,7272,dressing_room,
1516,54788,7272,clothing_store,
1517,54788,7272,shower,
1518,54788,7272,closet,
1519,54788,7272,clean_room,
1520,54788,7296,burial_chamber,
1521,54788,7296,nursery,
1522,54788,7296,alcove,
1523,54788,7296,museum/indoor,
1524,54788,7296,bedroom,
1525,54788,7320,nursery,
1526,54788,7320,jewelry_shop,
1527,54788,7320,museum/indoor,
1528,54788,7320,clean_room,
1529,54788,7320,childs_room,
1530,54788,7344,clean_room,
1531,54788,7344,nursery,
1532,54788,7344,hospital_room,
1533,54788,7344,hotel_room,
1534,54788,7344,bedroom,
1535,54788,7368,shower,
1536,54788,7368,beauty_salon,
1537,54788,7368,bathroom,
1538,54788,7368,ice_cream_parlor,
1539,54788,7368,car_interior,
1540,54788,7392,nursery,
1541,54788,7392,igloo,
1542,54788,7392,clean_room,
1543,54788,7392,hospital_room,
1544,54788,7392,bedroom,
1545,54788,7416,bedroom,
1546,54788,7416,hospital_room,
1547,54788,7416,hotel_room,
1548,54788,7416,nursery,
1549,54788,7416,ice_floe,
1550,54788,7440,shower,
1551,54788,7440,clean_room,
1552,54788,7440,bow_window/indoor,
1553,54788,7440,dressing_room,
1554,54788,7440,bathroom,
1555,54788,7464,shower,
1556,54788,7464,bow_window/indoor,
1557,54788,7464,bathroom,
1558,54788,7464,dressing_room,
1559,54788,7464,jacuzzi/indoor,
1560,54788,7488,shower,
1561,54788,7488,bow_window/indoor,
1562,54788,7488,bathroom,
1563,54788,7488,dressing_room,
1564,54788,7488,beauty_salon,
1565,54788,7512,bow_window/indoor,
1566,54788,7512,shower,
1567,54788,7512,bathroom,
1568,54788,7512,clean_room,
1569,54788,7512,greenhouse/indoor,
1570,54788,7536,bedroom,
1571,54788,7536,bow_window/indoor,
1572,54788,7536,hospital_room,
1573,54788,7536,hotel_room,
1574,54788,7536,nursery,
1575,54788,7560,bow_window/indoor,
1576,54788,7560,shower,
1577,54788,7560,nursery,
1578,54788,7560,hospital_room,
1579,54788,7560,bedroom,
1580,54788,7584,shower,
1581,54788,7584,bathroom,
1582,54788,7584,dressing_room,
1583,54788,7584,clothing_store,
1584,54788,7584,art_gallery,
1585,54788,7608,dressing_room,
1586,54788,7608,clothing_store,
1587,54788,7608,shower,
1588,54788,7608,beauty_salon,
1589,54788,7608,chemistry_lab,
1590,54788,7632,jewelry_shop,
1591,54788,7632,art_gallery,
1592,54788,7632,science_museum,
1593,54788,7632,gift_shop,
1594,54788,7632,museum/indoor,
1595,54788,7656,science_museum,
1596,54788,7656,clothing_store,
1597,54788,7656,museum/indoor,
1598,54788,7656,art_gallery,
1599,54788,7656,natural_history_museum,
1600,54788,7680,science_museum,
1601,54788,7680,art_gallery,
1602,54788,7680,museum/indoor,
1603,54788,7680,clean_room,
1604,54788,7680,jewelry_shop,
1605,54788,7704,science_museum,
1606,54788,7704,art_gallery,
1607,54788,7704,clean_room,
1608,54788,7704,museum/indoor,
1609,54788,7704,natural_history_museum,
1610,54788,7728,science_museum,
1611,54788,7728,art_gallery,
1612,54788,7728,museum/indoor,
1613,54788,7728,clean_room,
1614,54788,7728,natural_history_museum,
1615,54788,7752,science_museum,
1616,54788,7752,museum/indoor,
1617,54788,7752,art_gallery,
1618,54788,7752,natural_history_museum,
1619,54788,7752,clean_room,
1620,54788,7776,science_museum,
1621,54788,7776,art_gallery,
1622,54788,7776,museum/indoor,
1623,54788,7776,clean_room,
1624,54788,7776,natural_history_museum,
1625,54788,7800,science_museum,
1626,54788,7800,art_gallery,
1627,54788,7800,museum/indoor,
1628,54788,7800,reception,
1629,54788,7800,clean_room,
1630,54788,7824,science_museum,
1631,54788,7824,art_gallery,
1632,54788,7824,reception,
1633,54788,7824,jewelry_shop,
1634,54788,7824,clean_room,
1635,54788,7848,candy_store,
1636,54788,7848,science_museum,
1637,54788,7848,gift_shop,
1638,54788,7848,clothing_store,
1639,54788,7848,ice_cream_parlor,
1640,54788,7872,chemistry_lab,
1641,54788,7872,clothing_store,
1642,54788,7872,candy_store,
1643,54788,7872,clean_room,
1644,54788,7872,jewelry_shop,
1645,54788,7896,candy_store,
1646,54788,7896,clothing_store,
1647,54788,7896,jewelry_shop,
1648,54788,7896,science_museum,
1649,54788,7896,ice_cream_parlor,
1650,54788,7920,clothing_store,
1651,54788,7920,department_store,
1652,54788,7920,jewelry_shop,
1653,54788,7920,shoe_shop,
1654,54788,7920,beauty_salon,
1655,54788,7944,beauty_salon,
1656,54788,7944,clean_room,
1657,54788,7944,jewelry_shop,
1658,54788,7944,candy_store,
1659,54788,7944,clothing_store,
1660,54788,7968,clothing_store,
1661,54788,7968,clean_room,
1662,54788,7968,science_museum,
1663,54788,7968,shoe_shop,
1664,54788,7968,beauty_salon,
1665,54788,7992,chemistry_lab,
1666,54788,7992,science_museum,
1667,54788,7992,natural_history_museum,
1668,54788,7992,museum/indoor,
1669,54788,7992,biology_laboratory,
1670,54788,8016,shower,
1671,54788,8016,elevator_lobby,
1672,54788,8016,bathroom,
1673,54788,8016,laundromat,
1674,54788,8016,natural_history_museum,
1675,54788,8040,shower,
1676,54788,8040,locker_room,
1677,54788,8040,closet,
1678,54788,8040,bathroom,
1679,54788,8040,clothing_store,
1680,54788,8064,clothing_store,
1681,54788,8064,dressing_room,
1682,54788,8064,museum/indoor,
1683,54788,8064,science_museum,
1684,54788,8064,natural_history_museum,
1685,54788,8088,clothing_store,
1686,54788,8088,museum/indoor,
1687,54788,8088,science_museum,
1688,54788,8088,dressing_room,
1689,54788,8088,jewelry_shop,
1690,54788,8112,museum/indoor,
1691,54788,8112,clothing_store,
1692,54788,8112,science_museum,
1693,54788,8112,dressing_room,
1694,54788,8112,natural_history_museum,
1695,54788,8136,museum/indoor,
1696,54788,8136,clothing_store,
1697,54788,8136,science_museum,
1698,54788,8136,jewelry_shop,
1699,54788,8136,dressing_room,
1700,54788,8160,clothing_store,
1701,54788,8160,stage/indoor,
1702,54788,8160,auditorium,
1703,54788,8160,throne_room,
1704,54788,8160,ballroom,
1705,54788,8184,clothing_store,
1706,54788,8184,throne_room,
1707,54788,8184,dressing_room,
1708,54788,8184,stage/indoor,
1709,54788,8184,clean_room,
1710,54788,8208,clothing_store,
1711,54788,8208,throne_room,
1712,54788,8208,jewelry_shop,
1713,54788,8208,clean_room,
1714,54788,8208,stage/indoor,
1715,54788,8232,clean_room,
1716,54788,8232,chemistry_lab,
1717,54788,8232,stage/indoor,
1718,54788,8232,clothing_store,
1719,54788,8232,throne_room,
1720,54788,8256,church/indoor,
1721,54788,8256,auditorium,
1722,54788,8256,stage/indoor,
1723,54788,8256,throne_room,
1724,54788,8256,clothing_store,
1725,54788,8280,banquet_hall,
1726,54788,8280,ballroom,
1727,54788,8280,clothing_store,
1728,54788,8280,stage/indoor,
1729,54788,8280,auditorium,
1730,54788,8304,clothing_store,
1731,54788,8304,throne_room,
1732,54788,8304,clean_room,
1733,54788,8304,stage/indoor,
1734,54788,8304,department_store,
1735,54788,8328,clothing_store,
1736,54788,8328,throne_room,
1737,54788,8328,clean_room,
1738,54788,8328,jewelry_shop,
1739,54788,8328,department_store,
1740,54788,8352,clothing_store,
1741,54788,8352,throne_room,
1742,54788,8352,stage/indoor,
1743,54788,8352,clean_room,
1744,54788,8352,jewelry_shop,
1745,54788,8376,clothing_store,
1746,54788,8376,jewelry_shop,
1747,54788,8376,clean_room,
1748,54788,8376,throne_room,
1749,54788,8376,department_store,
1750,54788,8400,clothing_store,
1751,54788,8400,throne_room,
1752,54788,8400,clean_room,
1753,54788,8400,stage/indoor,
1754,54788,8400,church/indoor,
1755,54788,8424,clothing_store,
1756,54788,8424,throne_room,
1757,54788,8424,jewelry_shop,
1758,54788,8424,clean_room,
1759,54788,8424,department_store,
1760,54788,8448,clean_room,
1761,54788,8448,clothing_store,
1762,54788,8448,throne_room,
1763,54788,8448,jewelry_shop,
1764,54788,8448,museum/indoor,
1765,54788,8472,clothing_store,
1766,54788,8472,clean_room,
1767,54788,8472,stage/indoor,
1768,54788,8472,museum/indoor,
1769,54788,8472,throne_room,
1770,54788,8496,clothing_store,
1771,54788,8496,clean_room,
1772,54788,8496,museum/indoor,
1773,54788,8496,science_museum,
1774,54788,8496,dressing_room,
1775,54788,8520,clothing_store,
1776,54788,8520,clean_room,
1777,54788,8520,museum/indoor,
1778,54788,8520,stage/indoor,
1779,54788,8520,science_museum,
1780,54788,8544,museum/indoor,
1781,54788,8544,clean_room,
1782,54788,8544,clothing_store,
1783,54788,8544,science_museum,
1784,54788,8544,jewelry_shop,
1785,54788,8568,clean_room,
1786,54788,8568,clothing_store,
1787,54788,8568,science_museum,
1788,54788,8568,museum/indoor,
1789,54788,8568,chemistry_lab,
1790,54788,8592,clean_room,
1791,54788,8592,museum/indoor,
1792,54788,8592,science_museum,
1793,54788,8592,natural_history_museum,
1794,54788,8592,clothing_store,
1795,54788,8616,clean_room,
1796,54788,8616,museum/indoor,
1797,54788,8616,science_museum,
1798,54788,8616,clothing_store,
1799,54788,8616,natural_history_museum,
1800,54788,8640,clean_room,
1801,54788,8640,clothing_store,
1802,54788,8640,museum/indoor,
1803,54788,8640,science_museum,
1804,54788,8640,nursery,
1805,54788,8664,museum/indoor,
1806,54788,8664,clean_room,
1807,54788,8664,science_museum,
1808,54788,8664,natural_history_museum,
1809,54788,8664,art_gallery,
1810,54788,8688,museum/indoor,
1811,54788,8688,clean_room,
1812,54788,8688,science_museum,
1813,54788,8688,art_gallery,
1814,54788,8688,natural_history_museum,
1815,54788,8712,museum/indoor,
1816,54788,8712,clean_room,
1817,54788,8712,science_museum,
1818,54788,8712,art_gallery,
1819,54788,8712,natural_history_museum,
1820,54788,8736,clean_room,
1821,54788,8736,museum/indoor,
1822,54788,8736,clothing_store,
1823,54788,8736,science_museum,
1824,54788,8736,art_gallery,
1825,54788,8760,clean_room,
1826,54788,8760,museum/indoor,
1827,54788,8760,clothing_store,
1828,54788,8760,dressing_room,
1829,54788,8760,art_gallery,
1830,54788,8784,clean_room,
1831,54788,8784,museum/indoor,
1832,54788,8784,science_museum,
1833,54788,8784,clothing_store,
1834,54788,8784,natural_history_museum,
1835,54788,8808,museum/indoor,
1836,54788,8808,clean_room,
1837,54788,8808,science_museum,
1838,54788,8808,clothing_store,
1839,54788,8808,natural_history_museum,
1840,54788,8832,museum/indoor,
1841,54788,8832,clean_room,
1842,54788,8832,science_museum,
1843,54788,8832,natural_history_museum,
1844,54788,8832,art_gallery,
1845,54788,8856,museum/indoor,
1846,54788,8856,clothing_store,
1847,54788,8856,dressing_room,
1848,54788,8856,science_museum,
1849,54788,8856,natural_history_museum,
1850,54788,8880,clothing_store,
1851,54788,8880,museum/indoor,
1852,54788,8880,dressing_room,
1853,54788,8880,science_museum,
1854,54788,8880,art_gallery,
1855,54788,8904,clothing_store,
1856,54788,8904,museum/indoor,
1857,54788,8904,dressing_room,
1858,54788,8904,science_museum,
1859,54788,8904,clean_room,
1860,54788,8928,clothing_store,
1861,54788,8928,museum/indoor,
1862,54788,8928,dressing_room,
1863,54788,8928,clean_room,
1864,54788,8928,jewelry_shop,
1865,54788,8952,lobby,
1866,54788,8952,corridor,
1867,54788,8952,clean_room,
1868,54788,8952,museum/indoor,
1869,54788,8952,elevator_lobby,
1870,54788,8976,lobby,
1871,54788,8976,clean_room,
1872,54788,8976,corridor,
1873,54788,8976,elevator_lobby,
1874,54788,8976,artists_loft,
1875,54788,9000,lobby,
1876,54788,9000,clean_room,
1877,54788,9000,reception,
1878,54788,9000,chemistry_lab,
1879,54788,9000,airport_terminal,
1880,54788,9024,lobby,
1881,54788,9024,entrance_hall,
1882,54788,9024,museum/indoor,
1883,54788,9024,corridor,
1884,54788,9024,elevator_lobby,
1885,54788,9048,clean_room,
1886,54788,9048,museum/indoor,
1887,54788,9048,lobby,
1888,54788,9048,science_museum,
1889,54788,9048,art_gallery,
1890,54788,9072,train_station/platform,
1891,54788,9072,railroad_track,
1892,54788,9072,clean_room,
1893,54788,9072,subway_station/platform,
1894,54788,9072,museum/indoor,
1895,54788,9096,crosswalk,
1896,54788,9096,throne_room,
1897,54788,9096,entrance_hall,
1898,54788,9096,church/indoor,
1899,54788,9096,staircase,
1900,54788,9120,crosswalk,
1901,54788,9120,throne_room,
1902,54788,9120,entrance_hall,
1903,54788,9120,staircase,
1904,54788,9120,amphitheater,
1905,54788,9144,crosswalk,
1906,54788,9144,throne_room,
1907,54788,9144,entrance_hall,
1908,54788,9144,church/indoor,
1909,54788,9144,amphitheater,
1910,54788,9168,jewelry_shop,
1911,54788,9168,clothing_store,
1912,54788,9168,beauty_salon,
1913,54788,9168,dressing_room,
1914,54788,9168,department_store,
1915,54788,9192,clothing_store,
1916,54788,9192,jewelry_shop,
1917,54788,9192,science_museum,
1918,54788,9192,television_studio,
1919,54788,9192,stage/indoor,
1920,54788,9216,clothing_store,
1921,54788,9216,jewelry_shop,
1922,54788,9216,dressing_room,
1923,54788,9216,beauty_salon,
1924,54788,9216,science_museum,
1925,54788,9240,clothing_store,
1926,54788,9240,jewelry_shop,
1927,54788,9240,dressing_room,
1928,54788,9240,beauty_salon,
1929,54788,9240,science_museum,
1930,54788,9264,clothing_store,
1931,54788,9264,jewelry_shop,
1932,54788,9264,beauty_salon,
1933,54788,9264,dressing_room,
1934,54788,9264,ice_cream_parlor,
1935,54788,9288,jewelry_shop,
1936,54788,9288,clothing_store,
1937,54788,9288,beauty_salon,
1938,54788,9288,dressing_room,
1939,54788,9288,ice_cream_parlor,
1940,54788,9312,clothing_store,
1941,54788,9312,jewelry_shop,
1942,54788,9312,beauty_salon,
1943,54788,9312,dressing_room,
1944,54788,9312,ice_cream_parlor,
1945,54788,9336,clothing_store,
1946,54788,9336,dressing_room,
1947,54788,9336,jewelry_shop,
1948,54788,9336,beauty_salon,
1949,54788,9336,ice_cream_parlor,
1950,54788,9360,clothing_store,
1951,54788,9360,jewelry_shop,
1952,54788,9360,dressing_room,
1953,54788,9360,beauty_salon,
1954,54788,9360,ice_cream_parlor,
1955,54788,9384,clothing_store,
1956,54788,9384,jewelry_shop,
1957,54788,9384,dressing_room,
1958,54788,9384,beauty_salon,
1959,54788,9384,ice_cream_parlor,
1960,54788,9408,clothing_store,
1961,54788,9408,jewelry_shop,
1962,54788,9408,dressing_room,
1963,54788,9408,ice_cream_parlor,
1964,54788,9408,beauty_salon,
1965,54788,9432,music_studio,
1966,54788,9432,art_gallery,
1967,54788,9432,clean_room,
1968,54788,9432,museum/indoor,
1969,54788,9432,office,
1970,54788,9456,music_studio,
1971,54788,9456,clean_room,
1972,54788,9456,office,
1973,54788,9456,art_gallery,
1974,54788,9456,museum/indoor,
1975,54788,9480,clean_room,
1976,54788,9480,music_studio,
1977,54788,9480,art_gallery,
1978,54788,9480,office,
1979,54788,9480,museum/indoor,
1980,54788,9504,music_studio,
1981,54788,9504,clean_room,
1982,54788,9504,office,
1983,54788,9504,museum/indoor,
1984,54788,9504,art_gallery,
1985,54788,9528,clean_room,
1986,54788,9528,music_studio,
1987,54788,9528,art_gallery,
1988,54788,9528,dressing_room,
1989,54788,9528,museum/indoor,
1990,54788,9552,jewelry_shop,
1991,54788,9552,clothing_store,
1992,54788,9552,dressing_room,
1993,54788,9552,ice_cream_parlor,
1994,54788,9552,beauty_salon,
1995,54788,9576,clothing_store,
1996,54788,9576,jewelry_shop,
1997,54788,9576,dressing_room,
1998,54788,9576,beauty_salon,
1999,54788,9576,ice_cream_parlor,
2000,54788,9600,clothing_store,
2001,54788,9600,jewelry_shop,
2002,54788,9600,dressing_room,
2003,54788,9600,beauty_salon,
2004,54788,9600,ice_cream_parlor,
2005,54788,9624,clothing_store,
2006,54788,9624,jewelry_shop,
2007,54788,9624,dressing_room,
2008,54788,9624,beauty_salon,
2009,54788,9624,ice_cream_parlor,
2010,54788,9648,clothing_store,
2011,54788,9648,jewelry_shop,
2012,54788,9648,dressing_room,
2013,54788,9648,beauty_salon,
2014,54788,9648,ice_cream_parlor,
2015,54788,9672,clothing_store,
2016,54788,9672,jewelry_shop,
2017,54788,9672,dressing_room,
2018,54788,9672,beauty_salon,
2019,54788,9672,ice_cream_parlor,
2020,54788,9696,clothing_store,
2021,54788,9696,jewelry_shop,
2022,54788,9696,dressing_room,
2023,54788,9696,beauty_salon,
2024,54788,9696,department_store,
2025,54788,9720,dressing_room,
2026,54788,9720,clothing_store,
2027,54788,9720,art_gallery,
2028,54788,9720,music_studio,
2029,54788,9720,museum/indoor,
2030,54788,9744,clean_room,
2031,54788,9744,clothing_store,
2032,54788,9744,office,
2033,54788,9744,dressing_room,
2034,54788,9744,bow_window/indoor,
2035,54788,9768,office,
2036,54788,9768,clean_room,
2037,54788,9768,bow_window/indoor,
2038,54788,9768,clothing_store,
2039,54788,9768,dressing_room,
2040,54788,9792,clothing_store,
2041,54788,9792,dressing_room,
2042,54788,9792,beauty_salon,
2043,54788,9792,stage/indoor,
2044,54788,9792,science_museum,
2045,54788,9816,clothing_store,
2046,54788,9816,dressing_room,
2047,54788,9816,science_museum,
2048,54788,9816,stage/indoor,
2049,54788,9816,arena/performance,
2050,54788,9840,clothing_store,
2051,54788,9840,dressing_room,
2052,54788,9840,science_museum,
2053,54788,9840,beauty_salon,
2054,54788,9840,stage/indoor,
2055,54788,9864,clothing_store,
2056,54788,9864,dressing_room,
2057,54788,9864,beauty_salon,
2058,54788,9864,stage/indoor,
2059,54788,9864,science_museum,
2060,54788,9888,clothing_store,
2061,54788,9888,dressing_room,
2062,54788,9888,beauty_salon,
2063,54788,9888,science_museum,
2064,54788,9888,jewelry_shop,
2065,54788,9912,clothing_store,
2066,54788,9912,science_museum,
2067,54788,9912,dressing_room,
2068,54788,9912,museum/indoor,
2069,54788,9912,beauty_salon,
2070,54788,9936,clothing_store,
2071,54788,9936,dressing_room,
2072,54788,9936,beauty_salon,
2073,54788,9936,science_museum,
2074,54788,9936,department_store,
2075,54788,9960,clothing_store,
2076,54788,9960,dressing_room,
2077,54788,9960,museum/indoor,
2078,54788,9960,science_museum,
2079,54788,9960,beauty_salon,
2080,54788,9984,clothing_store,
2081,54788,9984,jewelry_shop,
2082,54788,9984,science_museum,
2083,54788,9984,museum/indoor,
2084,54788,9984,dressing_room,
2085,54788,10008,clothing_store,
2086,54788,10008,science_museum,
2087,54788,10008,jewelry_shop,
2088,54788,10008,museum/indoor,
2089,54788,10008,department_store,
2090,54788,10032,dressing_room,
2091,54788,10032,clothing_store,
2092,54788,10032,clean_room,
2093,54788,10032,beauty_salon,
2094,54788,10032,office,
2095,54788,10056,clothing_store,
2096,54788,10056,dressing_room,
2097,54788,10056,museum/indoor,
2098,54788,10056,art_gallery,
2099,54788,10056,office,
2100,54788,10080,clothing_store,
2101,54788,10080,museum/indoor,
2102,54788,10080,department_store,
2103,54788,10080,shopfront,
2104,54788,10080,natural_history_museum,
2105,54788,10104,clothing_store,
2106,54788,10104,museum/indoor,
2107,54788,10104,department_store,
2108,54788,10104,shopfront,
2109,54788,10104,natural_history_museum,
2110,54788,10128,clothing_store,
2111,54788,10128,museum/indoor,
2112,54788,10128,department_store,
2113,54788,10128,natural_history_museum,
2114,54788,10128,shopfront,
2115,54788,10152,clothing_store,
2116,54788,10152,museum/indoor,
2117,54788,10152,department_store,
2118,54788,10152,beauty_salon,
2119,54788,10152,clean_room,
2120,54788,10176,clothing_store,
2121,54788,10176,museum/indoor,
2122,54788,10176,department_store,
2123,54788,10176,clean_room,
2124,54788,10176,beauty_salon,
2125,54788,10200,museum/indoor,
2126,54788,10200,clothing_store,
2127,54788,10200,clean_room,
2128,54788,10200,beauty_salon,
2129,54788,10200,physics_laboratory,
2130,54788,10224,museum/indoor,
2131,54788,10224,clean_room,
2132,54788,10224,physics_laboratory,
2133,54788,10224,chemistry_lab,
2134,54788,10224,bank_vault,
2135,54788,10248,museum/indoor,
2136,54788,10248,clean_room,
2137,54788,10248,physics_laboratory,
2138,54788,10248,clothing_store,
2139,54788,10248,jewelry_shop,
2140,54788,10272,museum/indoor,
2141,54788,10272,clean_room,
2142,54788,10272,physics_laboratory,
2143,54788,10272,science_museum,
2144,54788,10272,jewelry_shop,
2145,54788,10296,museum/indoor,
2146,54788,10296,clothing_store,
2147,54788,10296,clean_room,
2148,54788,10296,jewelry_shop,
2149,54788,10296,department_store,
2150,54788,10320,museum/indoor,
2151,54788,10320,clean_room,
2152,54788,10320,clothing_store,
2153,54788,10320,jewelry_shop,
2154,54788,10320,department_store,
2155,54788,10344,museum/indoor,
2156,54788,10344,clean_room,
2157,54788,10344,clothing_store,
2158,54788,10344,department_store,
2159,54788,10344,science_museum,
2160,54788,10368,museum/indoor,
2161,54788,10368,television_studio,
2162,54788,10368,department_store,
2163,54788,10368,clothing_store,
2164,54788,10368,clean_room,
2165,54788,10392,museum/indoor,
2166,54788,10392,clean_room,
2167,54788,10392,clothing_store,
2168,54788,10392,physics_laboratory,
2169,54788,10392,department_store,
2170,54788,10416,museum/indoor,
2171,54788,10416,locker_room,
2172,54788,10416,martial_arts_gym,
2173,54788,10416,clothing_store,
2174,54788,10416,beauty_salon,
2175,54788,10440,clothing_store,
2176,54788,10440,museum/indoor,
2177,54788,10440,beauty_salon,
2178,54788,10440,dressing_room,
2179,54788,10440,art_gallery,
2180,54788,10464,museum/indoor,
2181,54788,10464,clothing_store,
2182,54788,10464,throne_room,
2183,54788,10464,stage/indoor,
2184,54788,10464,art_gallery,
2185,54788,10488,museum/indoor,
2186,54788,10488,art_gallery,
2187,54788,10488,art_studio,
2188,54788,10488,art_school,
2189,54788,10488,archive,
2190,54788,10512,museum/indoor,
2191,54788,10512,clothing_store,
2192,54788,10512,throne_room,
2193,54788,10512,art_gallery,
2194,54788,10512,art_studio,
2195,54788,10536,museum/indoor,
2196,54788,10536,clothing_store,
2197,54788,10536,jewelry_shop,
2198,54788,10536,art_gallery,
2199,54788,10536,natural_history_museum,
2200,54788,10560,museum/indoor,
2201,54788,10560,jewelry_shop,
2202,54788,10560,art_gallery,
2203,54788,10560,clothing_store,
2204,54788,10560,natural_history_museum,
2205,54788,10584,museum/indoor,
2206,54788,10584,jewelry_shop,
2207,54788,10584,clothing_store,
2208,54788,10584,art_gallery,
2209,54788,10584,natural_history_museum,
2210,54788,10608,museum/indoor,
2211,54788,10608,clothing_store,
2212,54788,10608,art_gallery,
2213,54788,10608,jewelry_shop,
2214,54788,10608,throne_room,
2215,54788,10632,clothing_store,
2216,54788,10632,dressing_room,
2217,54788,10632,science_museum,
2218,54788,10632,beauty_salon,
2219,54788,10632,museum/indoor,
2220,54788,10656,clothing_store,
2221,54788,10656,dressing_room,
2222,54788,10656,science_museum,
2223,54788,10656,beauty_salon,
2224,54788,10656,museum/indoor,
2225,54788,10680,clothing_store,
2226,54788,10680,dressing_room,
2227,54788,10680,beauty_salon,
2228,54788,10680,department_store,
2229,54788,10680,science_museum,
2230,54788,10704,museum/indoor,
2231,54788,10704,throne_room,
2232,54788,10704,jewelry_shop,
2233,54788,10704,clothing_store,
2234,54788,10704,art_gallery,
2235,54788,10728,museum/indoor,
2236,54788,10728,jewelry_shop,
2237,54788,10728,throne_room,
2238,54788,10728,clothing_store,
2239,54788,10728,art_gallery,
2240,54788,10752,museum/indoor,
2241,54788,10752,throne_room,
2242,54788,10752,jewelry_shop,
2243,54788,10752,clothing_store,
2244,54788,10752,art_gallery,
2245,54788,10776,museum/indoor,
2246,54788,10776,throne_room,
2247,54788,10776,jewelry_shop,
2248,54788,10776,clothing_store,
2249,54788,10776,art_gallery,
2250,54788,10800,museum/indoor,
2251,54788,10800,throne_room,
2252,54788,10800,clothing_store,
2253,54788,10800,art_gallery,
2254,54788,10800,jewelry_shop,
2255,54788,10824,museum/indoor,
2256,54788,10824,throne_room,
2257,54788,10824,art_gallery,
2258,54788,10824,clothing_store,
2259,54788,10824,church/indoor,
2260,54788,10848,museum/indoor,
2261,54788,10848,throne_room,
2262,54788,10848,art_gallery,
2263,54788,10848,clothing_store,
2264,54788,10848,jewelry_shop,
2265,54788,10872,museum/indoor,
2266,54788,10872,throne_room,
2267,54788,10872,art_gallery,
2268,54788,10872,jewelry_shop,
2269,54788,10872,clothing_store,
2270,54788,10896,clothing_store,
2271,54788,10896,ballroom,
2272,54788,10896,stage/indoor,
2273,54788,10896,discotheque,
2274,54788,10896,dressing_room,
2275,54788,10920,clothing_store,
2276,54788,10920,stage/indoor,
2277,54788,10920,ballroom,
2278,54788,10920,music_studio,
2279,54788,10920,dressing_room,
2280,54788,10944,clothing_store,
2281,54788,10944,ballroom,
2282,54788,10944,dressing_room,
2283,54788,10944,music_studio,
2284,54788,10944,stage/indoor,
2285,54788,10968,clothing_store,
2286,54788,10968,dressing_room,
2287,54788,10968,ballroom,
2288,54788,10968,shower,
2289,54788,10968,stage/indoor,
2290,54788,10992,clean_room,
2291,54788,10992,biology_laboratory,
2292,54788,10992,chemistry_lab,
2293,54788,10992,department_store,
2294,54788,10992,clothing_store,
2295,54788,11016,clean_room,
2296,54788,11016,chemistry_lab,
2297,54788,11016,biology_laboratory,
2298,54788,11016,physics_laboratory,
2299,54788,11016,science_museum,
2300,54788,11040,clean_room,
2301,54788,11040,chemistry_lab,
2302,54788,11040,biology_laboratory,
2303,54788,11040,physics_laboratory,
2304,54788,11040,science_museum,
2305,54788,11064,clean_room,
2306,54788,11064,chemistry_lab,
2307,54788,11064,biology_laboratory,
2308,54788,11064,pharmacy,
2309,54788,11064,physics_laboratory,
2310,54788,11088,clothing_store,
2311,54788,11088,dressing_room,
2312,54788,11088,shower,
2313,54788,11088,museum/indoor,
2314,54788,11088,ballroom,
2315,54788,11112,clothing_store,
2316,54788,11112,dressing_room,
2317,54788,11112,shower,
2318,54788,11112,jewelry_shop,
2319,54788,11112,chemistry_lab,
2320,54788,11136,clothing_store,
2321,54788,11136,shower,
2322,54788,11136,dressing_room,
2323,54788,11136,church/indoor,
2324,54788,11136,jewelry_shop,
2325,54788,11160,clothing_store,
2326,54788,11160,science_museum,
2327,54788,11160,museum/indoor,
2328,54788,11160,jewelry_shop,
2329,54788,11160,natural_history_museum,
2330,54788,11184,clothing_store,
2331,54788,11184,science_museum,
2332,54788,11184,museum/indoor,
2333,54788,11184,jewelry_shop,
2334,54788,11184,natural_history_museum,
2335,54788,11208,clothing_store,
2336,54788,11208,science_museum,
2337,54788,11208,museum/indoor,
2338,54788,11208,jewelry_shop,
2339,54788,11208,natural_history_museum,
2340,54788,11232,clothing_store,
2341,54788,11232,science_museum,
2342,54788,11232,jewelry_shop,
2343,54788,11232,museum/indoor,
2344,54788,11232,dressing_room,
2345,54788,11256,clothing_store,
2346,54788,11256,science_museum,
2347,54788,11256,museum/indoor,
2348,54788,11256,jewelry_shop,
2349,54788,11256,natural_history_museum,
2350,54788,11280,clothing_store,
2351,54788,11280,science_museum,
2352,54788,11280,jewelry_shop,
2353,54788,11280,museum/indoor,
2354,54788,11280,clean_room,
2355,54788,11304,clothing_store,
2356,54788,11304,science_museum,
2357,54788,11304,jewelry_shop,
2358,54788,11304,museum/indoor,
2359,54788,11304,natural_history_museum,
2360,54788,11328,science_museum,
2361,54788,11328,clothing_store,
2362,54788,11328,museum/indoor,
2363,54788,11328,jewelry_shop,
2364,54788,11328,clean_room,
2365,54788,11352,clean_room,
2366,54788,11352,locker_room,
2367,54788,11352,dressing_room,
2368,54788,11352,clothing_store,
2369,54788,11352,museum/indoor,
2370,54788,11376,clean_room,
2371,54788,11376,dressing_room,
2372,54788,11376,locker_room,
2373,54788,11376,clothing_store,
2374,54788,11376,museum/indoor,
2375,54788,11400,clean_room,
2376,54788,11400,locker_room,
2377,54788,11400,dressing_room,
2378,54788,11400,museum/indoor,
2379,54788,11400,physics_laboratory,
2380,54788,11424,clean_room,
2381,54788,11424,dressing_room,
2382,54788,11424,clothing_store,
2383,54788,11424,locker_room,
2384,54788,11424,museum/indoor,
2385,54788,11448,clean_room,
2386,54788,11448,dressing_room,
2387,54788,11448,locker_room,
2388,54788,11448,clothing_store,
2389,54788,11448,museum/indoor,
2390,54788,11472,clean_room,
2391,54788,11472,dressing_room,
2392,54788,11472,clothing_store,
2393,54788,11472,locker_room,
2394,54788,11472,chemistry_lab,
2395,54788,11496,clean_room,
2396,54788,11496,dressing_room,
2397,54788,11496,clothing_store,
2398,54788,11496,locker_room,
2399,54788,11496,museum/indoor,
2400,54788,11520,clean_room,
2401,54788,11520,dressing_room,
2402,54788,11520,clothing_store,
2403,54788,11520,locker_room,
2404,54788,11520,chemistry_lab,
2405,54788,11544,clothing_store,
2406,54788,11544,dressing_room,
2407,54788,11544,jewelry_shop,
2408,54788,11544,department_store,
2409,54788,11544,museum/indoor,
2410,54788,11568,clothing_store,
2411,54788,11568,museum/indoor,
2412,54788,11568,jewelry_shop,
2413,54788,11568,department_store,
2414,54788,11568,dressing_room,
2415,54788,11592,clothing_store,
2416,54788,11592,jewelry_shop,
2417,54788,11592,museum/indoor,
2418,54788,11592,department_store,
2419,54788,11592,elevator_lobby,
2420,54788,11616,clothing_store,
2421,54788,11616,dressing_room,
2422,54788,11616,museum/indoor,
2423,54788,11616,elevator_lobby,
2424,54788,11616,department_store,
2425,54788,11640,clothing_store,
2426,54788,11640,locker_room,
2427,54788,11640,dressing_room,
2428,54788,11640,elevator_lobby,
2429,54788,11640,shower,
2430,54788,11664,clothing_store,
2431,54788,11664,dressing_room,
2432,54788,11664,department_store,
2433,54788,11664,jewelry_shop,
2434,54788,11664,locker_room,
2435,54788,11688,chemistry_lab,
2436,54788,11688,ballroom,
2437,54788,11688,banquet_hall,
2438,54788,11688,biology_laboratory,
2439,54788,11688,museum/indoor,
2440,54788,11712,banquet_hall,
2441,54788,11712,ballroom,
2442,54788,11712,dining_hall,
2443,54788,11712,chemistry_lab,
2444,54788,11712,restaurant,
2445,54788,11736,banquet_hall,
2446,54788,11736,dining_hall,
2447,54788,11736,ballroom,
2448,54788,11736,restaurant,
2449,54788,11736,cafeteria,
2450,54788,11760,clean_room,
2451,54788,11760,biology_laboratory,
2452,54788,11760,assembly_line,
2453,54788,11760,cafeteria,
2454,54788,11760,chemistry_lab,
2455,54788,11784,jewelry_shop,
2456,54788,11784,dressing_room,
2457,54788,11784,science_museum,
2458,54788,11784,museum/indoor,
2459,54788,11784,natural_history_museum,
2460,54788,11808,museum/indoor,
2461,54788,11808,entrance_hall,
2462,54788,11808,dining_hall,
2463,54788,11808,lobby,
2464,54788,11808,archive,
2465,54788,11832,lobby,
2466,54788,11832,beauty_salon,
2467,54788,11832,museum/indoor,
2468,54788,11832,natural_history_museum,
2469,54788,11832,entrance_hall,
2470,54788,11856,lobby,
2471,54788,11856,entrance_hall,
2472,54788,11856,museum/indoor,
2473,54788,11856,ballroom,
2474,54788,11856,beauty_salon,
2475,54788,11880,lobby,
2476,54788,11880,museum/indoor,
2477,54788,11880,entrance_hall,
2478,54788,11880,science_museum,
2479,54788,11880,beauty_salon,
2480,54788,11904,beauty_salon,
2481,54788,11904,lobby,
2482,54788,11904,clean_room,
2483,54788,11904,office,
2484,54788,11904,chemistry_lab,
2485,54788,11928,lobby,
2486,54788,11928,beauty_salon,
2487,54788,11928,chemistry_lab,
2488,54788,11928,biology_laboratory,
2489,54788,11928,museum/indoor,
2490,54788,11952,lobby,
2491,54788,11952,entrance_hall,
2492,54788,11952,museum/indoor,
2493,54788,11952,corridor,
2494,54788,11952,elevator_lobby,
2495,54788,11976,lobby,
2496,54788,11976,airport_terminal,
2497,54788,11976,entrance_hall,
2498,54788,11976,museum/indoor,
2499,54788,11976,corridor,
2500,54788,12000,lobby,
2501,54788,12000,entrance_hall,
2502,54788,12000,elevator_lobby,
2503,54788,12000,atrium/public,
2504,54788,12000,airport_terminal,
2505,54788,12024,clean_room,
2506,54788,12024,dressing_room,
2507,54788,12024,clothing_store,
2508,54788,12024,locker_room,
2509,54788,12024,chemistry_lab,
2510,54788,12048,lobby,
2511,54788,12048,elevator_lobby,
2512,54788,12048,entrance_hall,
2513,54788,12048,corridor,
2514,54788,12048,atrium/public,
2515,54788,12072,lobby,
2516,54788,12072,entrance_hall,
2517,54788,12072,elevator_lobby,
2518,54788,12072,atrium/public,
2519,54788,12072,living_room,
2520,54788,12096,lobby,
2521,54788,12096,entrance_hall,
2522,54788,12096,corridor,
2523,54788,12096,elevator_lobby,
2524,54788,12096,airport_terminal,
2525,54788,12120,lobby,
2526,54788,12120,entrance_hall,
2527,54788,12120,corridor,
2528,54788,12120,elevator_lobby,
2529,54788,12120,atrium/public,
2530,54788,12144,entrance_hall,
2531,54788,12144,lobby,
2532,54788,12144,corridor,
2533,54788,12144,elevator_lobby,
2534,54788,12144,bow_window/indoor,
2535,54788,12168,lobby,
2536,54788,12168,entrance_hall,
2537,54788,12168,elevator_lobby,
2538,54788,12168,bow_window/indoor,
2539,54788,12168,corridor,
2540,54788,12192,lobby,
2541,54788,12192,entrance_hall,
2542,54788,12192,church/indoor,
2543,54788,12192,elevator_lobby,
2544,54788,12192,throne_room,
2545,54788,12216,lobby,
2546,54788,12216,entrance_hall,
2547,54788,12216,throne_room,
2548,54788,12216,church/indoor,
2549,54788,12216,elevator_lobby,
2550,54788,12240,lobby,
2551,54788,12240,entrance_hall,
2552,54788,12240,church/indoor,
2553,54788,12240,elevator_lobby,
2554,54788,12240,throne_room,
2555,54788,12264,lobby,
2556,54788,12264,entrance_hall,
2557,54788,12264,elevator_lobby,
2558,54788,12264,church/indoor,
2559,54788,12264,throne_room,
2560,54788,12288,lobby,
2561,54788,12288,entrance_hall,
2562,54788,12288,elevator_lobby,
2563,54788,12288,church/indoor,
2564,54788,12288,throne_room,
2565,54788,12312,lobby,
2566,54788,12312,entrance_hall,
2567,54788,12312,church/indoor,
2568,54788,12312,elevator_lobby,
2569,54788,12312,throne_room,
2570,54788,12336,lobby,
2571,54788,12336,entrance_hall,
2572,54788,12336,church/indoor,
2573,54788,12336,throne_room,
2574,54788,12336,elevator_lobby,
2575,54788,12360,museum/indoor,
2576,54788,12360,natural_history_museum,
2577,54788,12360,art_gallery,
2578,54788,12360,science_museum,
2579,54788,12360,clothing_store,
2580,54788,12384,museum/indoor,
2581,54788,12384,art_gallery,
2582,54788,12384,natural_history_museum,
2583,54788,12384,science_museum,
2584,54788,12384,clothing_store,
2585,54788,12408,museum/indoor,
2586,54788,12408,science_museum,
2587,54788,12408,art_gallery,
2588,54788,12408,natural_history_museum,
2589,54788,12408,clothing_store,
2590,54788,12432,museum/indoor,
2591,54788,12432,clothing_store,
2592,54788,12432,science_museum,
2593,54788,12432,dressing_room,
2594,54788,12432,art_gallery,
2595,54788,12456,museum/indoor,
2596,54788,12456,natural_history_museum,
2597,54788,12456,science_museum,
2598,54788,12456,art_gallery,
2599,54788,12456,jewelry_shop,
2600,54788,12480,museum/indoor,
2601,54788,12480,natural_history_museum,
2602,54788,12480,art_gallery,
2603,54788,12480,science_museum,
2604,54788,12480,jewelry_shop,
2605,54788,12504,museum/indoor,
2606,54788,12504,natural_history_museum,
2607,54788,12504,art_gallery,
2608,54788,12504,science_museum,
2609,54788,12504,jewelry_shop,
2610,54788,12528,museum/indoor,
2611,54788,12528,natural_history_museum,
2612,54788,12528,science_museum,
2613,54788,12528,art_gallery,
2614,54788,12528,jewelry_shop,
2615,54788,12552,museum/indoor,
2616,54788,12552,natural_history_museum,
2617,54788,12552,art_gallery,
2618,54788,12552,science_museum,
2619,54788,12552,jewelry_shop,
2620,54788,12576,museum/indoor,
2621,54788,12576,natural_history_museum,
2622,54788,12576,art_gallery,
2623,54788,12576,science_museum,
2624,54788,12576,jewelry_shop,
2625,54788,12600,museum/indoor,
2626,54788,12600,art_gallery,
2627,54788,12600,natural_history_museum,
2628,54788,12600,science_museum,
2629,54788,12600,jewelry_shop,
2630,54788,12624,museum/indoor,
2631,54788,12624,art_gallery,
2632,54788,12624,natural_history_museum,
2633,54788,12624,science_museum,
2634,54788,12624,jewelry_shop,
2635,54788,12648,museum/indoor,
2636,54788,12648,art_gallery,
2637,54788,12648,natural_history_museum,
2638,54788,12648,science_museum,
2639,54788,12648,jewelry_shop,
2640,54788,12672,clean_room,
2641,54788,12672,clothing_store,
2642,54788,12672,museum/indoor,
2643,54788,12672,dressing_room,
2644,54788,12672,beauty_salon,
2645,54788,12696,clothing_store,
2646,54788,12696,dressing_room,
2647,54788,12696,beauty_salon,
2648,54788,12696,museum/indoor,
2649,54788,12696,department_store,
2650,54788,12720,dressing_room,
2651,54788,12720,clothing_store,
2652,54788,12720,beauty_salon,
2653,54788,12720,clean_room,
2654,54788,12720,department_store,
2655,54788,12744,clothing_store,
2656,54788,12744,dressing_room,
2657,54788,12744,department_store,
2658,54788,12744,beauty_salon,
2659,54788,12744,museum/indoor,
2660,54788,12768,clothing_store,
2661,54788,12768,dressing_room,
2662,54788,12768,department_store,
2663,54788,12768,museum/indoor,
2664,54788,12768,beauty_salon,
2665,54788,12792,dressing_room,
2666,54788,12792,clothing_store,
2667,54788,12792,department_store,
2668,54788,12792,clean_room,
2669,54788,12792,beauty_salon,
2670,54788,12816,dressing_room,
2671,54788,12816,clothing_store,
2672,54788,12816,department_store,
2673,54788,12816,clean_room,
2674,54788,12816,locker_room,
2675,54788,12840,clothing_store,
2676,54788,12840,dressing_room,
2677,54788,12840,department_store,
2678,54788,12840,museum/indoor,
2679,54788,12840,locker_room,
2680,54788,12864,clothing_store,
2681,54788,12864,dressing_room,
2682,54788,12864,museum/indoor,
2683,54788,12864,department_store,
2684,54788,12864,beauty_salon,
2685,54788,12888,dressing_room,
2686,54788,12888,clothing_store,
2687,54788,12888,museum/indoor,
2688,54788,12888,department_store,
2689,54788,12888,clean_room,
2690,54788,12912,dressing_room,
2691,54788,12912,clothing_store,
2692,54788,12912,department_store,
2693,54788,12912,museum/indoor,
2694,54788,12912,clean_room,
2695,54788,12936,dressing_room,
2696,54788,12936,clothing_store,
2697,54788,12936,beauty_salon,
2698,54788,12936,museum/indoor,
2699,54788,12936,department_store,
2700,54788,12960,dressing_room,
2701,54788,12960,clothing_store,
2702,54788,12960,beauty_salon,
2703,54788,12960,museum/indoor,
2704,54788,12960,department_store,
2705,54788,12984,dressing_room,
2706,54788,12984,clothing_store,
2707,54788,12984,beauty_salon,
2708,54788,12984,department_store,
2709,54788,12984,museum/indoor,
2710,54788,13008,dressing_room,
2711,54788,13008,clothing_store,
2712,54788,13008,beauty_salon,
2713,54788,13008,department_store,
2714,54788,13008,museum/indoor,
2715,54788,13032,dressing_room,
2716,54788,13032,clothing_store,
2717,54788,13032,museum/indoor,
2718,54788,13032,department_store,
2719,54788,13032,clean_room,
2720,54788,13056,dressing_room,
2721,54788,13056,clothing_store,
2722,54788,13056,museum/indoor,
2723,54788,13056,department_store,
2724,54788,13056,locker_room,
2725,54788,13080,attic,
2726,54788,13080,entrance_hall,
2727,54788,13080,lobby,
2728,54788,13080,reception,
2729,54788,13080,elevator_lobby,
2730,54788,13104,entrance_hall,
2731,54788,13104,attic,
2732,54788,13104,lobby,
2733,54788,13104,reception,
2734,54788,13104,elevator_lobby,
2735,54788,13128,attic,
2736,54788,13128,lobby,
2737,54788,13128,reception,
2738,54788,13128,entrance_hall,
2739,54788,13128,elevator_lobby,
2740,54788,13152,attic,
2741,54788,13152,lobby,
2742,54788,13152,reception,
2743,54788,13152,elevator_lobby,
2744,54788,13152,entrance_hall,
2745,54788,13176,dressing_room,
2746,54788,13176,clothing_store,
2747,54788,13176,beauty_salon,
2748,54788,13176,locker_room,
2749,54788,13176,museum/indoor,
2750,54788,13200,dressing_room,
2751,54788,13200,clothing_store,
2752,54788,13200,beauty_salon,
2753,54788,13200,museum/indoor,
2754,54788,13200,department_store,
2755,54788,13224,museum/indoor,
2756,54788,13224,clean_room,
2757,54788,13224,art_gallery,
2758,54788,13224,science_museum,
2759,54788,13224,archive,
2760,54788,13248,museum/indoor,
2761,54788,13248,clean_room,
2762,54788,13248,art_gallery,
2763,54788,13248,science_museum,
2764,54788,13248,clothing_store,
2765,54788,13272,museum/indoor,
2766,54788,13272,clean_room,
2767,54788,13272,science_museum,
2768,54788,13272,art_gallery,
2769,54788,13272,clothing_store,
2770,54788,13296,museum/indoor,
2771,54788,13296,clean_room,
2772,54788,13296,science_museum,
2773,54788,13296,art_gallery,
2774,54788,13296,clothing_store,
2775,54788,13320,museum/indoor,
2776,54788,13320,clean_room,
2777,54788,13320,science_museum,
2778,54788,13320,art_gallery,
2779,54788,13320,clothing_store,
2780,54788,13344,museum/indoor,
2781,54788,13344,clean_room,
2782,54788,13344,science_museum,
2783,54788,13344,art_gallery,
2784,54788,13344,clothing_store,
2785,54788,13368,museum/indoor,
2786,54788,13368,clean_room,
2787,54788,13368,science_museum,
2788,54788,13368,art_gallery,
2789,54788,13368,clothing_store,
2790,54788,13392,museum/indoor,
2791,54788,13392,clean_room,
2792,54788,13392,science_museum,
2793,54788,13392,art_gallery,
2794,54788,13392,clothing_store,
2795,54788,13416,dressing_room,
2796,54788,13416,clothing_store,
2797,54788,13416,clean_room,
2798,54788,13416,museum/indoor,
2799,54788,13416,locker_room,
2800,54788,13440,dressing_room,
2801,54788,13440,clothing_store,
2802,54788,13440,museum/indoor,
2803,54788,13440,clean_room,
2804,54788,13440,art_gallery,
2805,54788,13464,dressing_room,
2806,54788,13464,clothing_store,
2807,54788,13464,clean_room,
2808,54788,13464,museum/indoor,
2809,54788,13464,locker_room,
2810,54788,13488,clean_room,
2811,54788,13488,museum/indoor,
2812,54788,13488,dressing_room,
2813,54788,13488,physics_laboratory,
2814,54788,13488,archive,
2815,54788,13512,clean_room,
2816,54788,13512,museum/indoor,
2817,54788,13512,physics_laboratory,
2818,54788,13512,art_gallery,
2819,54788,13512,archive,
2820,54788,13536,clean_room,
2821,54788,13536,music_studio,
2822,54788,13536,physics_laboratory,
2823,54788,13536,museum/indoor,
2824,54788,13536,beauty_salon,
2825,54788,13560,dressing_room,
2826,54788,13560,clothing_store,
2827,54788,13560,clean_room,
2828,54788,13560,locker_room,
2829,54788,13560,elevator/door,
2830,54788,13584,dressing_room,
2831,54788,13584,clothing_store,
2832,54788,13584,clean_room,
2833,54788,13584,locker_room,
2834,54788,13584,elevator/door,
2835,54788,13608,dressing_room,
2836,54788,13608,clothing_store,
2837,54788,13608,clean_room,
2838,54788,13608,locker_room,
2839,54788,13608,elevator/door,
2840,54788,13632,dressing_room,
2841,54788,13632,clothing_store,
2842,54788,13632,clean_room,
2843,54788,13632,locker_room,
2844,54788,13632,elevator_lobby,
2845,54788,13656,dressing_room,
2846,54788,13656,clothing_store,
2847,54788,13656,clean_room,
2848,54788,13656,locker_room,
2849,54788,13656,elevator_lobby,
2850,54788,13680,dressing_room,
2851,54788,13680,clothing_store,
2852,54788,13680,clean_room,
2853,54788,13680,locker_room,
2854,54788,13680,elevator/door,
2855,54788,13704,dressing_room,
2856,54788,13704,clothing_store,
2857,54788,13704,clean_room,
2858,54788,13704,museum/indoor,
2859,54788,13704,locker_room,
2860,54788,13728,clean_room,
2861,54788,13728,museum/indoor,
2862,54788,13728,dressing_room,
2863,54788,13728,physics_laboratory,
2864,54788,13728,beauty_salon,
2865,54788,13752,clean_room,
2866,54788,13752,museum/indoor,
2867,54788,13752,physics_laboratory,
2868,54788,13752,music_studio,
2869,54788,13752,art_gallery,
2870,54788,13776,clean_room,
2871,54788,13776,physics_laboratory,
2872,54788,13776,museum/indoor,
2873,54788,13776,music_studio,
2874,54788,13776,art_gallery,
2875,54788,13800,clean_room,
2876,54788,13800,physics_laboratory,
2877,54788,13800,music_studio,
2878,54788,13800,museum/indoor,
2879,54788,13800,beauty_salon,
2880,54788,13824,clean_room,
2881,54788,13824,physics_laboratory,
2882,54788,13824,museum/indoor,
2883,54788,13824,music_studio,
2884,54788,13824,nursing_home,
2885,54788,13848,dressing_room,
2886,54788,13848,clean_room,
2887,54788,13848,clothing_store,
2888,54788,13848,locker_room,
2889,54788,13848,elevator_lobby,
2890,54788,13872,dressing_room,
2891,54788,13872,clothing_store,
2892,54788,13872,clean_room,
2893,54788,13872,locker_room,
2894,54788,13872,museum/indoor,
2895,54788,13896,dressing_room,
2896,54788,13896,clothing_store,
2897,54788,13896,clean_room,
2898,54788,13896,museum/indoor,
2899,54788,13896,locker_room,
2900,54788,13920,dressing_room,
2901,54788,13920,clothing_store,
2902,54788,13920,clean_room,
2903,54788,13920,museum/indoor,
2904,54788,13920,art_gallery,
2905,54788,13944,clothing_store,
2906,54788,13944,clean_room,
2907,54788,13944,dressing_room,
2908,54788,13944,museum/indoor,
2909,54788,13944,art_gallery,
2910,54788,13968,clothing_store,
2911,54788,13968,clean_room,
2912,54788,13968,dressing_room,
2913,54788,13968,museum/indoor,
2914,54788,13968,art_gallery,
2915,54788,13992,clothing_store,
2916,54788,13992,clean_room,
2917,54788,13992,dressing_room,
2918,54788,13992,museum/indoor,
2919,54788,13992,art_gallery,
2920,54788,14016,nursing_home,
2921,54788,14016,clean_room,
2922,54788,14016,physics_laboratory,
2923,54788,14016,museum/indoor,
2924,54788,14016,art_gallery,
2925,54788,14040,clean_room,
2926,54788,14040,nursing_home,
2927,54788,14040,physics_laboratory,
2928,54788,14040,museum/indoor,
2929,54788,14040,art_gallery,
2930,54788,14064,clean_room,
2931,54788,14064,nursing_home,
2932,54788,14064,museum/indoor,
2933,54788,14064,physics_laboratory,
2934,54788,14064,art_gallery,
2935,54788,14088,clean_room,
2936,54788,14088,museum/indoor,
2937,54788,14088,nursing_home,
2938,54788,14088,art_gallery,
2939,54788,14088,physics_laboratory,
2940,54788,14112,clean_room,
2941,54788,14112,museum/indoor,
2942,54788,14112,art_gallery,
2943,54788,14112,physics_laboratory,
2944,54788,14112,art_studio,
2945,54788,14136,clean_room,
2946,54788,14136,museum/indoor,
2947,54788,14136,art_gallery,
2948,54788,14136,physics_laboratory,
2949,54788,14136,art_studio,
2950,54788,14160,clean_room,
2951,54788,14160,museum/indoor,
2952,54788,14160,art_gallery,
2953,54788,14160,physics_laboratory,
2954,54788,14160,art_studio,
2955,54788,14184,museum/indoor,
2956,54788,14184,art_gallery,
2957,54788,14184,natural_history_museum,
2958,54788,14184,science_museum,
2959,54788,14184,church/indoor,
2960,54788,14208,museum/indoor,
2961,54788,14208,art_gallery,
2962,54788,14208,natural_history_museum,
2963,54788,14208,science_museum,
2964,54788,14208,church/indoor,
2965,54788,14232,museum/indoor,
2966,54788,14232,art_gallery,
2967,54788,14232,church/indoor,
2968,54788,14232,natural_history_museum,
2969,54788,14232,science_museum,
2970,54788,14256,museum/indoor,
2971,54788,14256,art_gallery,
2972,54788,14256,church/indoor,
2973,54788,14256,natural_history_museum,
2974,54788,14256,clothing_store,
2975,54788,14280,museum/indoor,
2976,54788,14280,art_gallery,
2977,54788,14280,church/indoor,
2978,54788,14280,science_museum,
2979,54788,14280,natural_history_museum,
2980,54788,14304,museum/indoor,
2981,54788,14304,art_gallery,
2982,54788,14304,church/indoor,
2983,54788,14304,science_museum,
2984,54788,14304,natural_history_museum,
2985,54788,14328,museum/indoor,
2986,54788,14328,art_gallery,
2987,54788,14328,church/indoor,
2988,54788,14328,stage/indoor,
2989,54788,14328,dressing_room,
2990,54788,14352,museum/indoor,
2991,54788,14352,art_gallery,
2992,54788,14352,church/indoor,
2993,54788,14352,stage/indoor,
2994,54788,14352,natural_history_museum,
2995,54788,14376,museum/indoor,
2996,54788,14376,art_gallery,
2997,54788,14376,church/indoor,
2998,54788,14376,natural_history_museum,
2999,54788,14376,clothing_store,
3000,54788,14400,museum/indoor,
3001,54788,14400,art_gallery,
3002,54788,14400,church/indoor,
3003,54788,14400,science_museum,
3004,54788,14400,natural_history_museum,
3005,54788,14424,museum/indoor,
3006,54788,14424,art_gallery,
3007,54788,14424,church/indoor,
3008,54788,14424,natural_history_museum,
3009,54788,14424,science_museum,
3010,54788,14448,museum/indoor,
3011,54788,14448,art_gallery,
3012,54788,14448,church/indoor,
3013,54788,14448,natural_history_museum,
3014,54788,14448,science_museum,
3015,54788,14472,museum/indoor,
3016,54788,14472,art_gallery,
3017,54788,14472,church/indoor,
3018,54788,14472,stage/indoor,
3019,54788,14472,science_museum,
3020,54788,14496,museum/indoor,
3021,54788,14496,art_gallery,
3022,54788,14496,clean_room,
3023,54788,14496,art_studio,
3024,54788,14496,physics_laboratory,
3025,54788,14520,museum/indoor,
3026,54788,14520,art_gallery,
3027,54788,14520,clean_room,
3028,54788,14520,music_studio,
3029,54788,14520,art_studio,
3030,54788,14544,museum/indoor,
3031,54788,14544,art_gallery,
3032,54788,14544,music_studio,
3033,54788,14544,physics_laboratory,
3034,54788,14544,art_studio,
3035,54788,14568,museum/indoor,
3036,54788,14568,art_gallery,
3037,54788,14568,music_studio,
3038,54788,14568,art_studio,
3039,54788,14568,physics_laboratory,
3040,54788,14592,museum/indoor,
3041,54788,14592,art_gallery,
3042,54788,14592,art_studio,
3043,54788,14592,music_studio,
3044,54788,14592,physics_laboratory,
3045,54788,14616,museum/indoor,
3046,54788,14616,art_gallery,
3047,54788,14616,music_studio,
3048,54788,14616,clean_room,
3049,54788,14616,art_studio,
3050,54788,14640,museum/indoor,
3051,54788,14640,art_gallery,
3052,54788,14640,church/indoor,
3053,54788,14640,science_museum,
3054,54788,14640,natural_history_museum,
3055,54788,14664,museum/indoor,
3056,54788,14664,art_gallery,
3057,54788,14664,church/indoor,
3058,54788,14664,science_museum,
3059,54788,14664,natural_history_museum,
3060,54788,14688,museum/indoor,
3061,54788,14688,art_gallery,
3062,54788,14688,church/indoor,
3063,54788,14688,science_museum,
3064,54788,14688,natural_history_museum,
3065,54788,14712,museum/indoor,
3066,54788,14712,art_gallery,
3067,54788,14712,science_museum,
3068,54788,14712,church/indoor,
3069,54788,14712,natural_history_museum,
3070,54788,14736,museum/indoor,
3071,54788,14736,art_gallery,
3072,54788,14736,church/indoor,
3073,54788,14736,science_museum,
3074,54788,14736,natural_history_museum,
3075,54788,14760,museum/indoor,
3076,54788,14760,art_gallery,
3077,54788,14760,science_museum,
3078,54788,14760,church/indoor,
3079,54788,14760,natural_history_museum,
3080,54788,14784,museum/indoor,
3081,54788,14784,art_gallery,
3082,54788,14784,science_museum,
3083,54788,14784,church/indoor,
3084,54788,14784,natural_history_museum,
3085,54788,14808,museum/indoor,
3086,54788,14808,art_gallery,
3087,54788,14808,science_museum,
3088,54788,14808,church/indoor,
3089,54788,14808,natural_history_museum,
3090,54788,14832,museum/indoor,
3091,54788,14832,art_gallery,
3092,54788,14832,science_museum,
3093,54788,14832,church/indoor,
3094,54788,14832,natural_history_museum,
3095,54788,14856,museum/indoor,
3096,54788,14856,art_gallery,
3097,54788,14856,science_museum,
3098,54788,14856,church/indoor,
3099,54788,14856,natural_history_museum,
3100,54788,14880,museum/indoor,
3101,54788,14880,art_gallery,
3102,54788,14880,clean_room,
3103,54788,14880,dressing_room,
3104,54788,14880,music_studio,
3105,54788,14904,museum/indoor,
3106,54788,14904,clean_room,
3107,54788,14904,art_gallery,
3108,54788,14904,music_studio,
3109,54788,14904,physics_laboratory,
3110,54788,14928,museum/indoor,
3111,54788,14928,clean_room,
3112,54788,14928,art_gallery,
3113,54788,14928,art_studio,
3114,54788,14928,physics_laboratory,
3115,54788,14952,museum/indoor,
3116,54788,14952,clean_room,
3117,54788,14952,art_gallery,
3118,54788,14952,art_studio,
3119,54788,14952,physics_laboratory,
3120,54788,14976,clean_room,
3121,54788,14976,museum/indoor,
3122,54788,14976,art_gallery,
3123,54788,14976,art_studio,
3124,54788,14976,music_studio,
